{"$type":"KaVE.Commons.Model.Events.VersionControlEvents.VersionControlEvent, KaVE.Commons","Actions":[{"$type":"KaVE.Commons.Model.Events.VersionControlEvents.VersionControlAction, KaVE.Commons","ExecutedAt":"2016-06-21T23:28:03+02:00","ActionType":4}],"Solution":"0Sln:Mykidds","IDESessionUUID":"60a1a412-aeaf-4e17-983b-afa364c56ebc","KaVEVersion":"0.1011-Default","TriggeredAt":"2016-06-21T23:28:03+02:00","TriggeredBy":0,"Duration":"00:00:00","ActiveWindow":"0Win:vsWindowTypeDocument HomeController.cs","ActiveDocument":"0Doc:CSharp \\UserInterface\\MyKidds\\Controllers\\HomeController.cs"}