{"$type":"KaVE.Commons.Model.Events.VersionControlEvents.VersionControlEvent, KaVE.Commons","Actions":[{"$type":"KaVE.Commons.Model.Events.VersionControlEvents.VersionControlAction, KaVE.Commons","ExecutedAt":"2016-07-26T23:20:37+02:00","ActionType":3}],"Solution":"0Sln:AllReadyWebOnly","IDESessionUUID":"42aeaea0-041f-4ac2-a0b6-bf8c1ff3cc31","KaVEVersion":"0.1011-Default","TriggeredAt":"2016-07-26T23:20:37+02:00","TriggeredBy":0,"Duration":"00:00:00.0025007","ActiveWindow":"0Win:vsWindowTypeDocument Application"}