{"$type":"KaVE.Commons.Model.Events.VersionControlEvents.VersionControlEvent, KaVE.Commons","Actions":[{"$type":"KaVE.Commons.Model.Events.VersionControlEvents.VersionControlAction, KaVE.Commons","ExecutedAt":"2016-08-01T01:14:12+02:00","ActionType":2}],"Solution":"0Sln:Mykidds","IDESessionUUID":"8bbbe971-f592-4cb2-95ef-ed022adee755","KaVEVersion":"0.1011-Default","TriggeredAt":"2016-08-01T01:14:12+02:00","TriggeredBy":0,"Duration":"00:00:00","ActiveWindow":"0Win:vsWindowTypeDocument SiteAdminController.cs","ActiveDocument":"0Doc:CSharp \\UserInterface\\MyKidds\\Areas\\Admin\\Controllers\\SiteAdminController.cs"}