{"$type":"KaVE.Commons.Model.Events.VisualStudio.IDEStateEvent, KaVE.Commons","IDELifecyclePhase":0,"OpenWindows":["0Win:vsWindowTypeToolWindow Start Page","0Win:vsWindowTypeSolutionExplorer Solution Explorer","0Win:vsWindowTypeOutput Output","0Win:vsWindowTypeToolWindow Error List"],"OpenDocuments":[],"IDESessionUUID":"8bbbe971-f592-4cb2-95ef-ed022adee755","KaVEVersion":"0.1011-Default","TriggeredAt":"2016-08-04T23:56:38.3347889+02:00","TriggeredBy":0,"Duration":"00:00:00.0207445","ActiveWindow":"0Win:vsWindowTypeToolWindow Start Page"}