{"$type":"KaVE.Commons.Model.Events.VisualStudio.EditEvent, KaVE.Commons","Context2":{"$type":"KaVE.Commons.Model.Events.CompletionEvents.Context, KaVE.Commons","TypeShape":{"$type":"KaVE.Commons.Model.TypeShapes.TypeShape, KaVE.Commons","TypeHierarchy":{"$type":"KaVE.Commons.Model.TypeShapes.TypeHierarchy, KaVE.Commons","Element":"0T:?","Implements":[]},"NestedTypes":[],"Delegates":[],"EventHierarchies":[],"Fields":[],"MethodHierarchies":[],"PropertyHierarchies":[]},"SST":{"$type":"[SST:SST]","EnclosingType":"0T:?","Fields":[],"Properties":[],"Methods":[],"Events":[],"Delegates":[]}},"NumberOfChanges":4,"SizeOfChanges":255,"IDESessionUUID":"8bbbe971-f592-4cb2-95ef-ed022adee755","KaVEVersion":"0.1011-Default","TriggeredAt":"2016-08-04T23:56:40.7293728+02:00","TriggeredBy":0,"Duration":"01:41:25.5549997","ActiveWindow":"0Win:vsWindowTypeToolWindow Start Page"}