{"$type":"KaVE.Commons.Model.Events.VisualStudio.WindowEvent, KaVE.Commons","Window":"0Win:vsWindowTypeDocument SiteAdminController.cs","Action":2,"IDESessionUUID":"8bbbe971-f592-4cb2-95ef-ed022adee755","KaVEVersion":"0.1011-Default","TriggeredAt":"2016-08-05T00:02:39.4913946+02:00","TriggeredBy":0,"Duration":"00:00:00.0005002","ActiveWindow":"0Win:vsWindowTypeDocument SiteAdminController.cs","ActiveDocument":"0Doc:CSharp \\UserInterface\\MyKidds\\Areas\\Admin\\Controllers\\SiteAdminController.cs"}