{"$type":"KaVE.Commons.Model.Events.NavigationEvent, KaVE.Commons","Target":"0General:???","Location":"0T:MyKidds.Areas.Admin.Controllers.SiteController, MyKidds","TypeOfNavigation":2,"IDESessionUUID":"8bbbe971-f592-4cb2-95ef-ed022adee755","KaVEVersion":"0.1011-Default","TriggeredAt":"2016-08-05T00:03:59.2461797+02:00","TriggeredBy":1,"ActiveWindow":"0Win:vsWindowTypeDocument SiteAdminController.cs","ActiveDocument":"0Doc:CSharp \\UserInterface\\MyKidds\\Areas\\Admin\\Controllers\\SiteAdminController.cs"}