{"$type":"KaVE.Commons.Model.Events.VisualStudio.DocumentEvent, KaVE.Commons","Document":"0Doc:HTMLX \\UserInterface\\MyKidds\\Areas\\Admin\\Views\\Shared\\EditorTemplates\\Location.cshtml","Action":0,"IDESessionUUID":"8bbbe971-f592-4cb2-95ef-ed022adee755","KaVEVersion":"0.1011-Default","TriggeredAt":"2016-08-05T01:37:57.0516421+02:00","TriggeredBy":0,"Duration":"00:00:00.0004903","ActiveWindow":"0Win:vsWindowTypeDocument Location.cshtml","ActiveDocument":"0Doc:HTMLX \\UserInterface\\MyKidds\\Areas\\Admin\\Views\\Shared\\EditorTemplates\\Location.cshtml"}