{"$type":"KaVE.Commons.Model.Events.VisualStudio.EditEvent, KaVE.Commons","Context2":{"$type":"KaVE.Commons.Model.Events.CompletionEvents.Context, KaVE.Commons","TypeShape":{"$type":"KaVE.Commons.Model.TypeShapes.TypeShape, KaVE.Commons","TypeHierarchy":{"$type":"KaVE.Commons.Model.TypeShapes.TypeHierarchy, KaVE.Commons","Element":"0T:?","Implements":[]},"NestedTypes":[],"Delegates":[],"EventHierarchies":[],"Fields":[],"MethodHierarchies":[],"PropertyHierarchies":[]},"SST":{"$type":"[SST:SST]","EnclosingType":"0T:?","Fields":[],"Properties":[],"Methods":[],"Events":[],"Delegates":[]}},"NumberOfChanges":7,"SizeOfChanges":7,"IDESessionUUID":"8bbbe971-f592-4cb2-95ef-ed022adee755","KaVEVersion":"0.1011-Default","TriggeredAt":"2016-08-05T01:38:06.7834255+02:00","TriggeredBy":0,"Duration":"00:02:32.7695672","ActiveWindow":"0Win:vsWindowTypeDocument Location.cshtml","ActiveDocument":"0Doc:HTMLX \\UserInterface\\MyKidds\\Areas\\Admin\\Views\\Shared\\EditorTemplates\\Location.cshtml"}