{"$type":"KaVE.Commons.Model.Events.VisualStudio.SolutionEvent, KaVE.Commons","Action":2,"Target":"0Sln:B:\\Projekte\\mykidds\\Mykidds.sln","IDESessionUUID":"8bbbe971-f592-4cb2-95ef-ed022adee755","KaVEVersion":"0.1011-Default","TriggeredAt":"2016-08-05T01:40:37.7708639+02:00","TriggeredBy":0,"Duration":"00:00:00","ActiveWindow":"0Win:vsWindowTypeDocument AssignOrganizationAdmin.cshtml","ActiveDocument":"0Doc:HTMLX \\UserInterface\\MyKidds\\Areas\\Admin\\Views\\Site\\AssignOrganizationAdmin.cshtml"}