{"$type":"KaVE.Commons.Model.Events.VisualStudio.DocumentEvent, KaVE.Commons","Document":"0Doc:HTMLX \\UserInterface\\MyKidds\\Areas\\Admin\\Views\\Shared\\EditorTemplates\\Location.cshtml","Action":1,"IDESessionUUID":"8bbbe971-f592-4cb2-95ef-ed022adee755","KaVEVersion":"0.1011-Default","TriggeredAt":"2016-08-05T01:40:39.6815744+02:00","TriggeredBy":0,"Duration":"00:00:00.0005001","ActiveWindow":"0Win:vsWindowTypeDocument AssignOrganizationAdmin.cshtml","ActiveDocument":"0Doc:HTMLX \\UserInterface\\MyKidds\\Areas\\Admin\\Views\\Site\\AssignOrganizationAdmin.cshtml"}