{"$type":"KaVE.Commons.Model.Events.VisualStudio.WindowEvent, KaVE.Commons","Window":"0Win:vsWindowTypeDocument EventSignup.cs","Action":3,"IDESessionUUID":"8bbbe971-f592-4cb2-95ef-ed022adee755","KaVEVersion":"0.1011-Default","TriggeredAt":"2016-08-05T01:40:42.2607203+02:00","TriggeredBy":0,"Duration":"00:00:00","ActiveWindow":"0Win:vsWindowTypeDocument AssignOrganizationAdmin.cshtml","ActiveDocument":"0Doc:HTMLX \\UserInterface\\MyKidds\\Areas\\Admin\\Views\\Site\\AssignOrganizationAdmin.cshtml"}