{"$type":"KaVE.Commons.Model.Events.VisualStudio.IDEStateEvent, KaVE.Commons","IDELifecyclePhase":0,"OpenWindows":["0Win:vsWindowTypeToolWindow Start Page","0Win:vsWindowTypeSolutionExplorer Solution Explorer","0Win:vsWindowTypeOutput Output","0Win:vsWindowTypeToolWindow Error List"],"OpenDocuments":[],"IDESessionUUID":"60a1a412-aeaf-4e17-983b-afa364c56ebc","KaVEVersion":"0.1011-Default","TriggeredAt":"2016-08-05T01:41:47.4556781+02:00","TriggeredBy":0,"Duration":"00:00:00.0230223","ActiveWindow":"0Win:vsWindowTypeToolWindow Start Page"}