{"$type":"KaVE.Commons.Model.Events.VisualStudio.EditEvent, KaVE.Commons","Context2":{"$type":"KaVE.Commons.Model.Events.CompletionEvents.Context, KaVE.Commons","TypeShape":{"$type":"KaVE.Commons.Model.TypeShapes.TypeShape, KaVE.Commons","TypeHierarchy":{"$type":"KaVE.Commons.Model.TypeShapes.TypeHierarchy, KaVE.Commons","Element":"0T:?","Implements":[]},"NestedTypes":[],"Delegates":[],"EventHierarchies":[],"Fields":[],"MethodHierarchies":[],"PropertyHierarchies":[]},"SST":{"$type":"[SST:SST]","EnclosingType":"0T:?","Fields":[],"Properties":[],"Methods":[],"Events":[],"Delegates":[]}},"NumberOfChanges":4,"SizeOfChanges":372,"IDESessionUUID":"60a1a412-aeaf-4e17-983b-afa364c56ebc","KaVEVersion":"0.1011-Default","TriggeredAt":"2016-08-05T01:41:49.7292865+02:00","TriggeredBy":0,"Duration":"00:00:49.9090753","ActiveWindow":"0Win:vsWindowTypeToolWindow Start Page"}