{"$type":"KaVE.Commons.Model.Events.VisualStudio.SolutionEvent, KaVE.Commons","Action":0,"Target":"0Sln:B:\\Projekte\\mykidds\\Mykidds.sln","IDESessionUUID":"60a1a412-aeaf-4e17-983b-afa364c56ebc","KaVEVersion":"0.1011-Default","TriggeredAt":"2016-08-05T01:42:48.6378243+02:00","TriggeredBy":0,"Duration":"00:00:00.0004908","ActiveWindow":"0Win:vsWindowTypeDocument AssignOrganizationAdmin.cshtml","ActiveDocument":"0Doc:HTMLX \\UserInterface\\MyKidds\\Areas\\Admin\\Views\\Site\\AssignOrganizationAdmin.cshtml"}