{"$type":"KaVE.Commons.Model.Events.CompletionEvents.Context, KaVE.Commons","TypeShape":{"$type":"KaVE.Commons.Model.TypeShapes.TypeShape, KaVE.Commons","TypeHierarchy":{"$type":"KaVE.Commons.Model.TypeShapes.TypeHierarchy, KaVE.Commons","Element":"0T:JetBrains.ReSharper.Plugins.AngularJS.Feature.Services.Caches.AngularJsCache, resharper-angularjs","Implements":[{"$type":"KaVE.Commons.Model.TypeShapes.TypeHierarchy, KaVE.Commons","Element":"0T:?","Implements":[]}]},"NestedTypes":["0T:JetBrains.ReSharper.Plugins.AngularJS.Feature.Services.Caches.AngularJsCache+RecursiveElementProcessor, resharper-angularjs"],"Delegates":[],"EventHierarchies":[],"Fields":[],"MethodHierarchies":[{"$type":"KaVE.Commons.Model.TypeShapes.MethodHierarchy, KaVE.Commons","Element":"0M:[p:void] [JetBrains.ReSharper.Plugins.AngularJS.Feature.Services.Caches.AngularJsCache, resharper-angularjs]..ctor([?] lifetime, [?] persistentIndexManager)"},{"$type":"KaVE.Commons.Model.TypeShapes.MethodHierarchy, KaVE.Commons","Element":"0M:[p:bool] [JetBrains.ReSharper.Plugins.AngularJS.Feature.Services.Caches.AngularJsCache, resharper-angularjs].IsApplicable([?] sf)"},{"$type":"KaVE.Commons.Model.TypeShapes.MethodHierarchy, KaVE.Commons","Element":"0M:[p:object] [JetBrains.ReSharper.Plugins.AngularJS.Feature.Services.Caches.AngularJsCache, resharper-angularjs].Build([?] sourceFile, [p:bool] isStartup)"},{"$type":"KaVE.Commons.Model.TypeShapes.MethodHierarchy, KaVE.Commons","Element":"0M:[p:void] [JetBrains.ReSharper.Plugins.AngularJS.Feature.Services.Caches.AngularJsCache, resharper-angularjs].Drop([?] sourceFile)"},{"$type":"KaVE.Commons.Model.TypeShapes.MethodHierarchy, KaVE.Commons","Element":"0M:[p:void] [JetBrains.ReSharper.Plugins.AngularJS.Feature.Services.Caches.AngularJsCache, resharper-angularjs].Merge([?] sourceFile, [p:object] builtPart)"},{"$type":"KaVE.Commons.Model.TypeShapes.MethodHierarchy, KaVE.Commons","Element":"0M:[p:void] [JetBrains.ReSharper.Plugins.AngularJS.Feature.Services.Caches.AngularJsCache, resharper-angularjs].ClearCache()"}],"PropertyHierarchies":[{"$type":"KaVE.Commons.Model.TypeShapes.PropertyHierarchy, KaVE.Commons","Element":"0P:set get [?] [JetBrains.ReSharper.Plugins.AngularJS.Feature.Services.Caches.AngularJsCache, resharper-angularjs].CacheUpdated()"},{"$type":"KaVE.Commons.Model.TypeShapes.PropertyHierarchy, KaVE.Commons","Element":"0P:get [i:System.Collections.Generic.IEnumerable`1[[T -> JetBrains.ReSharper.Plugins.AngularJS.Feature.Services.Caches.Directive, resharper-angularjs]], mscorlib, 4.0.0.0] [JetBrains.ReSharper.Plugins.AngularJS.Feature.Services.Caches.AngularJsCache, resharper-angularjs].Directives()"},{"$type":"KaVE.Commons.Model.TypeShapes.PropertyHierarchy, KaVE.Commons","Element":"0P:get [i:System.Collections.Generic.IEnumerable`1[[T -> JetBrains.ReSharper.Plugins.AngularJS.Feature.Services.Caches.Filter, resharper-angularjs]], mscorlib, 4.0.0.0] [JetBrains.ReSharper.Plugins.AngularJS.Feature.Services.Caches.AngularJsCache, resharper-angularjs].Filters()"}]},"SST":{"$type":"[SST:SST]","EnclosingType":"0T:JetBrains.ReSharper.Plugins.AngularJS.Feature.Services.Caches.AngularJsCache, resharper-angularjs","Fields":[],"Properties":[{"$type":"[SST:Declarations.PropertyDeclaration]","Name":"0P:set get [?] [JetBrains.ReSharper.Plugins.AngularJS.Feature.Services.Caches.AngularJsCache, resharper-angularjs].CacheUpdated()","Get":[],"Set":[]},{"$type":"[SST:Declarations.PropertyDeclaration]","Name":"0P:get [i:System.Collections.Generic.IEnumerable`1[[T -> JetBrains.ReSharper.Plugins.AngularJS.Feature.Services.Caches.Directive, resharper-angularjs]], mscorlib, 4.0.0.0] [JetBrains.ReSharper.Plugins.AngularJS.Feature.Services.Caches.AngularJsCache, resharper-angularjs].Directives()","Get":[{"$type":"[SST:Statements.VariableDeclaration]","Reference":{"$type":"[SST:References.VariableReference]","Identifier":"$0"},"Type":"0T:?"},{"$type":"[SST:Statements.Assignment]","Reference":{"$type":"[SST:References.VariableReference]","Identifier":"$0"},"Expression":{"$type":"[SST:Expressions.Assignable.UnaryExpression]","Operator":1,"Operand":{"$type":"[SST:Expressions.Simple.ReferenceExpression]","Reference":{"$type":"[SST:References.UnknownReference]"}}}},{"$type":"[SST:Blocks.IfElseBlock]","Condition":{"$type":"[SST:Expressions.Simple.ReferenceExpression]","Reference":{"$type":"[SST:References.VariableReference]","Identifier":"$0"}},"Then":[{"$type":"[SST:Statements.ReturnStatement]","Expression":{"$type":"[SST:Expressions.Simple.ReferenceExpression]","Reference":{"$type":"[SST:References.UnknownReference]"}},"IsVoid":false}],"Else":[]},{"$type":"[SST:Statements.VariableDeclaration]","Reference":{"$type":"[SST:References.VariableReference]","Identifier":"$1"},"Type":"0T:?"},{"$type":"[SST:Statements.Assignment]","Reference":{"$type":"[SST:References.VariableReference]","Identifier":"$1"},"Expression":{"$type":"[SST:Expressions.Assignable.LambdaExpression]","Name":"0L:[?] ([?] v)","Body":[{"$type":"[SST:Statements.ReturnStatement]","Expression":{"$type":"[SST:Expressions.Simple.ReferenceExpression]","Reference":{"$type":"[SST:References.VariableReference]","Identifier":""}},"IsVoid":false}]}},{"$type":"[SST:Statements.VariableDeclaration]","Reference":{"$type":"[SST:References.VariableReference]","Identifier":"$2"},"Type":"0T:?"},{"$type":"[SST:Statements.Assignment]","Reference":{"$type":"[SST:References.VariableReference]","Identifier":"$2"},"Expression":{"$type":"[SST:Expressions.Assignable.InvocationExpression]","Reference":{"$type":"[SST:References.VariableReference]","Identifier":""},"MethodName":"0M:[?] [?].???()","Parameters":[{"$type":"[SST:Expressions.Simple.ReferenceExpression]","Reference":{"$type":"[SST:References.VariableReference]","Identifier":"$1"}}]}},{"$type":"[SST:Statements.ReturnStatement]","Expression":{"$type":"[SST:Expressions.Simple.ReferenceExpression]","Reference":{"$type":"[SST:References.VariableReference]","Identifier":"$2"}},"IsVoid":false}],"Set":[]},{"$type":"[SST:Declarations.PropertyDeclaration]","Name":"0P:get [i:System.Collections.Generic.IEnumerable`1[[T -> JetBrains.ReSharper.Plugins.AngularJS.Feature.Services.Caches.Filter, resharper-angularjs]], mscorlib, 4.0.0.0] [JetBrains.ReSharper.Plugins.AngularJS.Feature.Services.Caches.AngularJsCache, resharper-angularjs].Filters()","Get":[{"$type":"[SST:Statements.VariableDeclaration]","Reference":{"$type":"[SST:References.VariableReference]","Identifier":"$0"},"Type":"0T:?"},{"$type":"[SST:Statements.Assignment]","Reference":{"$type":"[SST:References.VariableReference]","Identifier":"$0"},"Expression":{"$type":"[SST:Expressions.Assignable.UnaryExpression]","Operator":1,"Operand":{"$type":"[SST:Expressions.Simple.ReferenceExpression]","Reference":{"$type":"[SST:References.UnknownReference]"}}}},{"$type":"[SST:Blocks.IfElseBlock]","Condition":{"$type":"[SST:Expressions.Simple.ReferenceExpression]","Reference":{"$type":"[SST:References.VariableReference]","Identifier":"$0"}},"Then":[{"$type":"[SST:Statements.ReturnStatement]","Expression":{"$type":"[SST:Expressions.Simple.ReferenceExpression]","Reference":{"$type":"[SST:References.UnknownReference]"}},"IsVoid":false}],"Else":[]},{"$type":"[SST:Statements.VariableDeclaration]","Reference":{"$type":"[SST:References.VariableReference]","Identifier":"$1"},"Type":"0T:?"},{"$type":"[SST:Statements.Assignment]","Reference":{"$type":"[SST:References.VariableReference]","Identifier":"$1"},"Expression":{"$type":"[SST:Expressions.Assignable.LambdaExpression]","Name":"0L:[?] ([?] v)","Body":[{"$type":"[SST:Statements.ReturnStatement]","Expression":{"$type":"[SST:Expressions.Simple.ReferenceExpression]","Reference":{"$type":"[SST:References.VariableReference]","Identifier":""}},"IsVoid":false}]}},{"$type":"[SST:Statements.VariableDeclaration]","Reference":{"$type":"[SST:References.VariableReference]","Identifier":"$2"},"Type":"0T:?"},{"$type":"[SST:Statements.Assignment]","Reference":{"$type":"[SST:References.VariableReference]","Identifier":"$2"},"Expression":{"$type":"[SST:Expressions.Assignable.InvocationExpression]","Reference":{"$type":"[SST:References.VariableReference]","Identifier":""},"MethodName":"0M:[?] [?].???()","Parameters":[{"$type":"[SST:Expressions.Simple.ReferenceExpression]","Reference":{"$type":"[SST:References.VariableReference]","Identifier":"$1"}}]}},{"$type":"[SST:Statements.ReturnStatement]","Expression":{"$type":"[SST:Expressions.Simple.ReferenceExpression]","Reference":{"$type":"[SST:References.VariableReference]","Identifier":"$2"}},"IsVoid":false}],"Set":[]}],"Methods":[{"$type":"[SST:Declarations.MethodDeclaration]","Name":"0M:[p:void] [JetBrains.ReSharper.Plugins.AngularJS.Feature.Services.Caches.AngularJsCache, resharper-angularjs]..ctor([?] lifetime, [?] persistentIndexManager)","IsEntryPoint":true,"Body":[{"$type":"[SST:Statements.ExpressionStatement]","Expression":{"$type":"[SST:Expressions.Assignable.InvocationExpression]","Reference":{"$type":"[SST:References.VariableReference]","Identifier":"base"},"MethodName":"0M:[p:void] [p:object]..ctor()","Parameters":[{"$type":"[SST:Expressions.Simple.ReferenceExpression]","Reference":{"$type":"[SST:References.VariableReference]","Identifier":"lifetime"}},{"$type":"[SST:Expressions.Simple.ReferenceExpression]","Reference":{"$type":"[SST:References.VariableReference]","Identifier":"persistentIndexManager"}},{"$type":"[SST:Expressions.Simple.ReferenceExpression]","Reference":{"$type":"[SST:References.FieldReference]","Reference":{"$type":"[SST:References.VariableReference]","Identifier":""},"FieldName":"0F:static [?] [JetBrains.ReSharper.Plugins.AngularJS.Feature.Services.Caches.AngularJsCacheItems, resharper-angularjs].Marshaller"}}]}},{"$type":"[SST:Statements.Assignment]","Reference":{"$type":"[SST:References.UnknownReference]"},"Expression":{"$type":"[SST:Expressions.Simple.ConstantValueExpression]","Value":"true"}},{"$type":"[SST:Statements.Assignment]","Reference":{"$type":"[SST:References.PropertyReference]","Reference":{"$type":"[SST:References.VariableReference]","Identifier":"this"},"PropertyName":"0P:set get [?] [JetBrains.ReSharper.Plugins.AngularJS.Feature.Services.Caches.AngularJsCache, resharper-angularjs].CacheUpdated()"},"Expression":{"$type":"[SST:Expressions.Assignable.InvocationExpression]","Reference":{"$type":"[SST:References.VariableReference]","Identifier":""},"MethodName":"0M:[?] [?].???()","Parameters":[]}}]},{"$type":"[SST:Declarations.MethodDeclaration]","Name":"0M:[p:bool] [JetBrains.ReSharper.Plugins.AngularJS.Feature.Services.Caches.AngularJsCache, resharper-angularjs].IsApplicable([?] sf)","IsEntryPoint":false,"Body":[{"$type":"[SST:Statements.VariableDeclaration]","Reference":{"$type":"[SST:References.VariableReference]","Identifier":"$0"},"Type":"0T:?"},{"$type":"[SST:Statements.Assignment]","Reference":{"$type":"[SST:References.VariableReference]","Identifier":"$0"},"Expression":{"$type":"[SST:Expressions.Assignable.InvocationExpression]","Reference":{"$type":"[SST:References.VariableReference]","Identifier":""},"MethodName":"0M:[?] [?].???()","Parameters":[]}},{"$type":"[SST:Statements.ReturnStatement]","Expression":{"$type":"[SST:Expressions.Simple.ReferenceExpression]","Reference":{"$type":"[SST:References.VariableReference]","Identifier":"$0"}},"IsVoid":false}]},{"$type":"[SST:Declarations.MethodDeclaration]","Name":"0M:[p:object] [JetBrains.ReSharper.Plugins.AngularJS.Feature.Services.Caches.AngularJsCache, resharper-angularjs].Build([?] sourceFile, [p:bool] isStartup)","IsEntryPoint":true,"Body":[{"$type":"[SST:Statements.VariableDeclaration]","Reference":{"$type":"[SST:References.VariableReference]","Identifier":"$0"},"Type":"0T:p:bool"},{"$type":"[SST:Statements.Assignment]","Reference":{"$type":"[SST:References.VariableReference]","Identifier":"$0"},"Expression":{"$type":"[SST:Expressions.Assignable.InvocationExpression]","Reference":{"$type":"[SST:References.VariableReference]","Identifier":"this"},"MethodName":"0M:[p:bool] [JetBrains.ReSharper.Plugins.AngularJS.Feature.Services.Caches.AngularJsCache, resharper-angularjs].IsApplicable([?] sf)","Parameters":[{"$type":"[SST:Expressions.Simple.ReferenceExpression]","Reference":{"$type":"[SST:References.VariableReference]","Identifier":"sourceFile"}}]}},{"$type":"[SST:Statements.VariableDeclaration]","Reference":{"$type":"[SST:References.VariableReference]","Identifier":"$1"},"Type":"0T:p:bool"},{"$type":"[SST:Statements.Assignment]","Reference":{"$type":"[SST:References.VariableReference]","Identifier":"$1"},"Expression":{"$type":"[SST:Expressions.Assignable.UnaryExpression]","Operator":1,"Operand":{"$type":"[SST:Expressions.Simple.ReferenceExpression]","Reference":{"$type":"[SST:References.VariableReference]","Identifier":"$0"}}}},{"$type":"[SST:Blocks.IfElseBlock]","Condition":{"$type":"[SST:Expressions.Simple.ReferenceExpression]","Reference":{"$type":"[SST:References.VariableReference]","Identifier":"$1"}},"Then":[{"$type":"[SST:Statements.ReturnStatement]","Expression":{"$type":"[SST:Expressions.Simple.ConstantValueExpression]","Value":"null"},"IsVoid":false}],"Else":[]},{"$type":"[SST:Statements.VariableDeclaration]","Reference":{"$type":"[SST:References.VariableReference]","Identifier":"jsFile"},"Type":"0T:?"},{"$type":"[SST:Statements.VariableDeclaration]","Reference":{"$type":"[SST:References.VariableReference]","Identifier":"$2"},"Type":"0T:?"},{"$type":"[SST:Statements.Assignment]","Reference":{"$type":"[SST:References.VariableReference]","Identifier":"$2"},"Expression":{"$type":"[SST:Expressions.Assignable.InvocationExpression]","Reference":{"$type":"[SST:References.VariableReference]","Identifier":""},"MethodName":"0M:[?] [?].???()","Parameters":[]}},{"$type":"[SST:Statements.Assignment]","Reference":{"$type":"[SST:References.VariableReference]","Identifier":"jsFile"},"Expression":{"$type":"[SST:Expressions.Assignable.CastExpression]","TargetType":"0T:?","Operator":0,"Reference":{"$type":"[SST:References.VariableReference]","Identifier":"$2"}}},{"$type":"[SST:Statements.VariableDeclaration]","Reference":{"$type":"[SST:References.VariableReference]","Identifier":"$3"},"Type":"0T:?"},{"$type":"[SST:Statements.Assignment]","Reference":{"$type":"[SST:References.VariableReference]","Identifier":"$3"},"Expression":{"$type":"[SST:Expressions.Assignable.BinaryExpression]","LeftOperand":{"$type":"[SST:Expressions.Simple.ReferenceExpression]","Reference":{"$type":"[SST:References.VariableReference]","Identifier":"jsFile"}},"Operator":3,"RightOperand":{"$type":"[SST:Expressions.Simple.ConstantValueExpression]","Value":"null"}}},{"$type":"[SST:Blocks.IfElseBlock]","Condition":{"$type":"[SST:Expressions.Simple.ReferenceExpression]","Reference":{"$type":"[SST:References.VariableReference]","Identifier":"$3"}},"Then":[{"$type":"[SST:Statements.ReturnStatement]","Expression":{"$type":"[SST:Expressions.Simple.ConstantValueExpression]","Value":"null"},"IsVoid":false}],"Else":[]},{"$type":"[SST:Statements.VariableDeclaration]","Reference":{"$type":"[SST:References.VariableReference]","Identifier":"processor"},"Type":"0T:JetBrains.ReSharper.Plugins.AngularJS.Feature.Services.Caches.AngularJsCache+RecursiveElementProcessor, resharper-angularjs"},{"$type":"[SST:Statements.Assignment]","Reference":{"$type":"[SST:References.VariableReference]","Identifier":"processor"},"Expression":{"$type":"[SST:Expressions.Assignable.InvocationExpression]","Reference":{"$type":"[SST:References.VariableReference]","Identifier":""},"MethodName":"0M:[p:void] [JetBrains.ReSharper.Plugins.AngularJS.Feature.Services.Caches.AngularJsCache+RecursiveElementProcessor, resharper-angularjs]..ctor()","Parameters":[]}},{"$type":"[SST:Statements.ExpressionStatement]","Expression":{"$type":"[SST:Expressions.Assignable.InvocationExpression]","Reference":{"$type":"[SST:References.VariableReference]","Identifier":""},"MethodName":"0M:[?] [?].???()","Parameters":[{"$type":"[SST:Expressions.Simple.ReferenceExpression]","Reference":{"$type":"[SST:References.VariableReference]","Identifier":"processor"}}]}},{"$type":"[SST:Statements.VariableDeclaration]","Reference":{"$type":"[SST:References.VariableReference]","Identifier":"$4"},"Type":"0T:JetBrains.ReSharper.Plugins.AngularJS.Feature.Services.Caches.AngularJsCacheItems, resharper-angularjs"},{"$type":"[SST:Statements.Assignment]","Reference":{"$type":"[SST:References.VariableReference]","Identifier":"$4"},"Expression":{"$type":"[SST:Expressions.Simple.ReferenceExpression]","Reference":{"$type":"[SST:References.PropertyReference]","Reference":{"$type":"[SST:References.VariableReference]","Identifier":"processor"},"PropertyName":"0P:get [JetBrains.ReSharper.Plugins.AngularJS.Feature.Services.Caches.AngularJsCacheItems, resharper-angularjs] [JetBrains.ReSharper.Plugins.AngularJS.Feature.Services.Caches.AngularJsCache+RecursiveElementProcessor, resharper-angularjs].CacheObject()"}}},{"$type":"[SST:Statements.VariableDeclaration]","Reference":{"$type":"[SST:References.VariableReference]","Identifier":"$5"},"Type":"0T:JetBrains.ReSharper.Plugins.AngularJS.Feature.Services.Caches.AngularJsCacheItems, resharper-angularjs"},{"$type":"[SST:Statements.Assignment]","Reference":{"$type":"[SST:References.VariableReference]","Identifier":"$5"},"Expression":{"$type":"[SST:Expressions.Assignable.IfElseExpression]","Condition":{"$type":"[SST:Expressions.Simple.ReferenceExpression]","Reference":{"$type":"[SST:References.PropertyReference]","Reference":{"$type":"[SST:References.VariableReference]","Identifier":"$4"},"PropertyName":"0P:get [p:bool] [JetBrains.ReSharper.Plugins.AngularJS.Feature.Services.Caches.AngularJsCacheItems, resharper-angularjs].IsEmpty()"}},"ThenExpression":{"$type":"[SST:Expressions.Simple.ConstantValueExpression]","Value":"null"},"ElseExpression":{"$type":"[SST:Expressions.Simple.ReferenceExpression]","Reference":{"$type":"[SST:References.PropertyReference]","Reference":{"$type":"[SST:References.VariableReference]","Identifier":"processor"},"PropertyName":"0P:get [JetBrains.ReSharper.Plugins.AngularJS.Feature.Services.Caches.AngularJsCacheItems, resharper-angularjs] [JetBrains.ReSharper.Plugins.AngularJS.Feature.Services.Caches.AngularJsCache+RecursiveElementProcessor, resharper-angularjs].CacheObject()"}}}},{"$type":"[SST:Statements.ReturnStatement]","Expression":{"$type":"[SST:Expressions.Simple.ReferenceExpression]","Reference":{"$type":"[SST:References.VariableReference]","Identifier":"$5"}},"IsVoid":false}]},{"$type":"[SST:Declarations.MethodDeclaration]","Name":"0M:[p:void] [JetBrains.ReSharper.Plugins.AngularJS.Feature.Services.Caches.AngularJsCache, resharper-angularjs].Drop([?] sourceFile)","IsEntryPoint":true,"Body":[{"$type":"[SST:Statements.VariableDeclaration]","Reference":{"$type":"[SST:References.VariableReference]","Identifier":"$0"},"Type":"0T:?"},{"$type":"[SST:Statements.Assignment]","Reference":{"$type":"[SST:References.VariableReference]","Identifier":"$0"},"Expression":{"$type":"[SST:Expressions.Assignable.InvocationExpression]","Reference":{"$type":"[SST:References.VariableReference]","Identifier":""},"MethodName":"0M:[?] [?].???()","Parameters":[{"$type":"[SST:Expressions.Simple.ReferenceExpression]","Reference":{"$type":"[SST:References.VariableReference]","Identifier":"sourceFile"}}]}},{"$type":"[SST:Blocks.IfElseBlock]","Condition":{"$type":"[SST:Expressions.Simple.ReferenceExpression]","Reference":{"$type":"[SST:References.VariableReference]","Identifier":"$0"}},"Then":[{"$type":"[SST:Statements.ExpressionStatement]","Expression":{"$type":"[SST:Expressions.Assignable.InvocationExpression]","Reference":{"$type":"[SST:References.VariableReference]","Identifier":"this"},"MethodName":"0M:[p:void] [JetBrains.ReSharper.Plugins.AngularJS.Feature.Services.Caches.AngularJsCache, resharper-angularjs].ClearCache()","Parameters":[]}}],"Else":[]},{"$type":"[SST:Statements.ExpressionStatement]","Expression":{"$type":"[SST:Expressions.Assignable.InvocationExpression]","Reference":{"$type":"[SST:References.VariableReference]","Identifier":""},"MethodName":"0M:[?] [?].???()","Parameters":[{"$type":"[SST:Expressions.Simple.ReferenceExpression]","Reference":{"$type":"[SST:References.VariableReference]","Identifier":"sourceFile"}}]}}]},{"$type":"[SST:Declarations.MethodDeclaration]","Name":"0M:[p:void] [JetBrains.ReSharper.Plugins.AngularJS.Feature.Services.Caches.AngularJsCache, resharper-angularjs].Merge([?] sourceFile, [p:object] builtPart)","IsEntryPoint":true,"Body":[{"$type":"[SST:Statements.VariableDeclaration]","Reference":{"$type":"[SST:References.VariableReference]","Identifier":"$0"},"Type":"0T:p:bool"},{"$type":"[SST:Statements.Assignment]","Reference":{"$type":"[SST:References.VariableReference]","Identifier":"$0"},"Expression":{"$type":"[SST:Expressions.Assignable.InvocationExpression]","Reference":{"$type":"[SST:References.VariableReference]","Identifier":"this"},"MethodName":"0M:[p:bool] [JetBrains.ReSharper.Plugins.AngularJS.Feature.Services.Caches.AngularJsCache, resharper-angularjs].IsApplicable([?] sf)","Parameters":[{"$type":"[SST:Expressions.Simple.ReferenceExpression]","Reference":{"$type":"[SST:References.VariableReference]","Identifier":"sourceFile"}}]}},{"$type":"[SST:Blocks.IfElseBlock]","Condition":{"$type":"[SST:Expressions.Simple.ReferenceExpression]","Reference":{"$type":"[SST:References.VariableReference]","Identifier":"$0"}},"Then":[{"$type":"[SST:Statements.ExpressionStatement]","Expression":{"$type":"[SST:Expressions.Assignable.InvocationExpression]","Reference":{"$type":"[SST:References.VariableReference]","Identifier":"this"},"MethodName":"0M:[p:void] [JetBrains.ReSharper.Plugins.AngularJS.Feature.Services.Caches.AngularJsCache, resharper-angularjs].ClearCache()","Parameters":[]}},{"$type":"[SST:Statements.ExpressionStatement]","Expression":{"$type":"[SST:Expressions.Assignable.InvocationExpression]","Reference":{"$type":"[SST:References.VariableReference]","Identifier":""},"MethodName":"0M:[?] [?].???()","Parameters":[{"$type":"[SST:Expressions.Simple.ReferenceExpression]","Reference":{"$type":"[SST:References.VariableReference]","Identifier":"sourceFile"}},{"$type":"[SST:Expressions.Simple.ReferenceExpression]","Reference":{"$type":"[SST:References.VariableReference]","Identifier":"builtPart"}}]}}],"Else":[]}]},{"$type":"[SST:Declarations.MethodDeclaration]","Name":"0M:[p:void] [JetBrains.ReSharper.Plugins.AngularJS.Feature.Services.Caches.AngularJsCache, resharper-angularjs].ClearCache()","IsEntryPoint":false,"Body":[{"$type":"[SST:Statements.ExpressionStatement]","Expression":{"$type":"[SST:Expressions.Assignable.InvocationExpression]","Reference":{"$type":"[SST:References.VariableReference]","Identifier":""},"MethodName":"0M:[?] [?].???()","Parameters":[]}}]}],"Events":[],"Delegates":[]}}