{"$type":"KaVE.Commons.Model.Events.CompletionEvents.Context, KaVE.Commons","TypeShape":{"$type":"KaVE.Commons.Model.TypeShapes.TypeShape, KaVE.Commons","TypeHierarchy":{"$type":"KaVE.Commons.Model.TypeShapes.TypeHierarchy, KaVE.Commons","Element":"0T:JetBrains.ReSharper.Plugins.AngularJS.Feature.Services.Caches.AngularJsCache+RecursiveElementProcessor, resharper-angularjs","Implements":[{"$type":"KaVE.Commons.Model.TypeShapes.TypeHierarchy, KaVE.Commons","Element":"0T:?","Implements":[]}]},"NestedTypes":[],"Delegates":[],"EventHierarchies":[],"Fields":["0F:[JetBrains.ReSharper.Plugins.AngularJS.Feature.Services.Caches.AngularJsCacheItemsBuilder, resharper-angularjs] [JetBrains.ReSharper.Plugins.AngularJS.Feature.Services.Caches.AngularJsCache+RecursiveElementProcessor, resharper-angularjs].cacheItemsBuilder","0F:[JetBrains.ReSharper.Plugins.AngularJS.Feature.Services.Caches.JsDocFileProcessor, resharper-angularjs] [JetBrains.ReSharper.Plugins.AngularJS.Feature.Services.Caches.AngularJsCache+RecursiveElementProcessor, resharper-angularjs].jsDocFileProcessor","0F:[JetBrains.ReSharper.Plugins.AngularJS.Feature.Services.Caches.JsInvocationProcessor, resharper-angularjs] [JetBrains.ReSharper.Plugins.AngularJS.Feature.Services.Caches.AngularJsCache+RecursiveElementProcessor, resharper-angularjs].jsInvocationProcessor"],"MethodHierarchies":[{"$type":"KaVE.Commons.Model.TypeShapes.MethodHierarchy, KaVE.Commons","Element":"0M:[p:void] [JetBrains.ReSharper.Plugins.AngularJS.Feature.Services.Caches.AngularJsCache+RecursiveElementProcessor, resharper-angularjs]..ctor()"},{"$type":"KaVE.Commons.Model.TypeShapes.MethodHierarchy, KaVE.Commons","Element":"0M:[p:bool] [JetBrains.ReSharper.Plugins.AngularJS.Feature.Services.Caches.AngularJsCache+RecursiveElementProcessor, resharper-angularjs].InteriorShouldBeProcessed([?] element)"},{"$type":"KaVE.Commons.Model.TypeShapes.MethodHierarchy, KaVE.Commons","Element":"0M:[p:void] [JetBrains.ReSharper.Plugins.AngularJS.Feature.Services.Caches.AngularJsCache+RecursiveElementProcessor, resharper-angularjs].ProcessBeforeInterior([?] element)"},{"$type":"KaVE.Commons.Model.TypeShapes.MethodHierarchy, KaVE.Commons","Element":"0M:[p:void] [JetBrains.ReSharper.Plugins.AngularJS.Feature.Services.Caches.AngularJsCache+RecursiveElementProcessor, resharper-angularjs].ProcessAfterInterior([?] element)"}],"PropertyHierarchies":[{"$type":"KaVE.Commons.Model.TypeShapes.PropertyHierarchy, KaVE.Commons","Element":"0P:get [p:bool] [JetBrains.ReSharper.Plugins.AngularJS.Feature.Services.Caches.AngularJsCache+RecursiveElementProcessor, resharper-angularjs].ProcessingIsFinished()"},{"$type":"KaVE.Commons.Model.TypeShapes.PropertyHierarchy, KaVE.Commons","Element":"0P:get [JetBrains.ReSharper.Plugins.AngularJS.Feature.Services.Caches.AngularJsCacheItems, resharper-angularjs] [JetBrains.ReSharper.Plugins.AngularJS.Feature.Services.Caches.AngularJsCache+RecursiveElementProcessor, resharper-angularjs].CacheObject()"}]},"SST":{"$type":"[SST:SST]","EnclosingType":"0T:JetBrains.ReSharper.Plugins.AngularJS.Feature.Services.Caches.AngularJsCache+RecursiveElementProcessor, resharper-angularjs","Fields":[{"$type":"[SST:Declarations.FieldDeclaration]","Name":"0F:[JetBrains.ReSharper.Plugins.AngularJS.Feature.Services.Caches.AngularJsCacheItemsBuilder, resharper-angularjs] [JetBrains.ReSharper.Plugins.AngularJS.Feature.Services.Caches.AngularJsCache+RecursiveElementProcessor, resharper-angularjs].cacheItemsBuilder"},{"$type":"[SST:Declarations.FieldDeclaration]","Name":"0F:[JetBrains.ReSharper.Plugins.AngularJS.Feature.Services.Caches.JsDocFileProcessor, resharper-angularjs] [JetBrains.ReSharper.Plugins.AngularJS.Feature.Services.Caches.AngularJsCache+RecursiveElementProcessor, resharper-angularjs].jsDocFileProcessor"},{"$type":"[SST:Declarations.FieldDeclaration]","Name":"0F:[JetBrains.ReSharper.Plugins.AngularJS.Feature.Services.Caches.JsInvocationProcessor, resharper-angularjs] [JetBrains.ReSharper.Plugins.AngularJS.Feature.Services.Caches.AngularJsCache+RecursiveElementProcessor, resharper-angularjs].jsInvocationProcessor"}],"Properties":[{"$type":"[SST:Declarations.PropertyDeclaration]","Name":"0P:get [p:bool] [JetBrains.ReSharper.Plugins.AngularJS.Feature.Services.Caches.AngularJsCache+RecursiveElementProcessor, resharper-angularjs].ProcessingIsFinished()","Get":[{"$type":"[SST:Statements.ReturnStatement]","Expression":{"$type":"[SST:Expressions.Simple.ConstantValueExpression]","Value":"false"},"IsVoid":false}],"Set":[]},{"$type":"[SST:Declarations.PropertyDeclaration]","Name":"0P:get [JetBrains.ReSharper.Plugins.AngularJS.Feature.Services.Caches.AngularJsCacheItems, resharper-angularjs] [JetBrains.ReSharper.Plugins.AngularJS.Feature.Services.Caches.AngularJsCache+RecursiveElementProcessor, resharper-angularjs].CacheObject()","Get":[{"$type":"[SST:Statements.VariableDeclaration]","Reference":{"$type":"[SST:References.VariableReference]","Identifier":"$0"},"Type":"0T:JetBrains.ReSharper.Plugins.AngularJS.Feature.Services.Caches.AngularJsCacheItemsBuilder, resharper-angularjs"},{"$type":"[SST:Statements.Assignment]","Reference":{"$type":"[SST:References.VariableReference]","Identifier":"$0"},"Expression":{"$type":"[SST:Expressions.Simple.ReferenceExpression]","Reference":{"$type":"[SST:References.FieldReference]","Reference":{"$type":"[SST:References.VariableReference]","Identifier":"this"},"FieldName":"0F:[JetBrains.ReSharper.Plugins.AngularJS.Feature.Services.Caches.AngularJsCacheItemsBuilder, resharper-angularjs] [JetBrains.ReSharper.Plugins.AngularJS.Feature.Services.Caches.AngularJsCache+RecursiveElementProcessor, resharper-angularjs].cacheItemsBuilder"}}},{"$type":"[SST:Statements.VariableDeclaration]","Reference":{"$type":"[SST:References.VariableReference]","Identifier":"$1"},"Type":"0T:JetBrains.ReSharper.Plugins.AngularJS.Feature.Services.Caches.AngularJsCacheItems, resharper-angularjs"},{"$type":"[SST:Statements.Assignment]","Reference":{"$type":"[SST:References.VariableReference]","Identifier":"$1"},"Expression":{"$type":"[SST:Expressions.Assignable.InvocationExpression]","Reference":{"$type":"[SST:References.VariableReference]","Identifier":"$0"},"MethodName":"0M:[JetBrains.ReSharper.Plugins.AngularJS.Feature.Services.Caches.AngularJsCacheItems, resharper-angularjs] [JetBrains.ReSharper.Plugins.AngularJS.Feature.Services.Caches.AngularJsCacheItemsBuilder, resharper-angularjs].Build()","Parameters":[]}},{"$type":"[SST:Statements.ReturnStatement]","Expression":{"$type":"[SST:Expressions.Simple.ReferenceExpression]","Reference":{"$type":"[SST:References.VariableReference]","Identifier":"$1"}},"IsVoid":false}],"Set":[]}],"Methods":[{"$type":"[SST:Declarations.MethodDeclaration]","Name":"0M:[p:void] [JetBrains.ReSharper.Plugins.AngularJS.Feature.Services.Caches.AngularJsCache+RecursiveElementProcessor, resharper-angularjs]..ctor()","IsEntryPoint":true,"Body":[{"$type":"[SST:Statements.Assignment]","Reference":{"$type":"[SST:References.FieldReference]","Reference":{"$type":"[SST:References.VariableReference]","Identifier":"this"},"FieldName":"0F:[JetBrains.ReSharper.Plugins.AngularJS.Feature.Services.Caches.AngularJsCacheItemsBuilder, resharper-angularjs] [JetBrains.ReSharper.Plugins.AngularJS.Feature.Services.Caches.AngularJsCache+RecursiveElementProcessor, resharper-angularjs].cacheItemsBuilder"},"Expression":{"$type":"[SST:Expressions.Assignable.InvocationExpression]","Reference":{"$type":"[SST:References.VariableReference]","Identifier":""},"MethodName":"0M:[p:void] [JetBrains.ReSharper.Plugins.AngularJS.Feature.Services.Caches.AngularJsCacheItemsBuilder, resharper-angularjs]..ctor()","Parameters":[]}},{"$type":"[SST:Statements.Assignment]","Reference":{"$type":"[SST:References.FieldReference]","Reference":{"$type":"[SST:References.VariableReference]","Identifier":"this"},"FieldName":"0F:[JetBrains.ReSharper.Plugins.AngularJS.Feature.Services.Caches.JsDocFileProcessor, resharper-angularjs] [JetBrains.ReSharper.Plugins.AngularJS.Feature.Services.Caches.AngularJsCache+RecursiveElementProcessor, resharper-angularjs].jsDocFileProcessor"},"Expression":{"$type":"[SST:Expressions.Assignable.InvocationExpression]","Reference":{"$type":"[SST:References.VariableReference]","Identifier":""},"MethodName":"0M:[p:void] [JetBrains.ReSharper.Plugins.AngularJS.Feature.Services.Caches.JsDocFileProcessor, resharper-angularjs]..ctor([JetBrains.ReSharper.Plugins.AngularJS.Feature.Services.Caches.AngularJsCacheItemsBuilder, resharper-angularjs] cacheBuilder)","Parameters":[{"$type":"[SST:Expressions.Simple.ReferenceExpression]","Reference":{"$type":"[SST:References.FieldReference]","Reference":{"$type":"[SST:References.VariableReference]","Identifier":"this"},"FieldName":"0F:[JetBrains.ReSharper.Plugins.AngularJS.Feature.Services.Caches.AngularJsCacheItemsBuilder, resharper-angularjs] [JetBrains.ReSharper.Plugins.AngularJS.Feature.Services.Caches.AngularJsCache+RecursiveElementProcessor, resharper-angularjs].cacheItemsBuilder"}}]}},{"$type":"[SST:Statements.Assignment]","Reference":{"$type":"[SST:References.FieldReference]","Reference":{"$type":"[SST:References.VariableReference]","Identifier":"this"},"FieldName":"0F:[JetBrains.ReSharper.Plugins.AngularJS.Feature.Services.Caches.JsInvocationProcessor, resharper-angularjs] [JetBrains.ReSharper.Plugins.AngularJS.Feature.Services.Caches.AngularJsCache+RecursiveElementProcessor, resharper-angularjs].jsInvocationProcessor"},"Expression":{"$type":"[SST:Expressions.Assignable.InvocationExpression]","Reference":{"$type":"[SST:References.VariableReference]","Identifier":""},"MethodName":"0M:[p:void] [JetBrains.ReSharper.Plugins.AngularJS.Feature.Services.Caches.JsInvocationProcessor, resharper-angularjs]..ctor([JetBrains.ReSharper.Plugins.AngularJS.Feature.Services.Caches.AngularJsCacheItemsBuilder, resharper-angularjs] cacheItemsBuilder)","Parameters":[{"$type":"[SST:Expressions.Simple.ReferenceExpression]","Reference":{"$type":"[SST:References.FieldReference]","Reference":{"$type":"[SST:References.VariableReference]","Identifier":"this"},"FieldName":"0F:[JetBrains.ReSharper.Plugins.AngularJS.Feature.Services.Caches.AngularJsCacheItemsBuilder, resharper-angularjs] [JetBrains.ReSharper.Plugins.AngularJS.Feature.Services.Caches.AngularJsCache+RecursiveElementProcessor, resharper-angularjs].cacheItemsBuilder"}}]}}]},{"$type":"[SST:Declarations.MethodDeclaration]","Name":"0M:[p:bool] [JetBrains.ReSharper.Plugins.AngularJS.Feature.Services.Caches.AngularJsCache+RecursiveElementProcessor, resharper-angularjs].InteriorShouldBeProcessed([?] element)","IsEntryPoint":true,"Body":[{"$type":"[SST:Statements.ReturnStatement]","Expression":{"$type":"[SST:Expressions.Simple.ConstantValueExpression]","Value":"true"},"IsVoid":false}]},{"$type":"[SST:Declarations.MethodDeclaration]","Name":"0M:[p:void] [JetBrains.ReSharper.Plugins.AngularJS.Feature.Services.Caches.AngularJsCache+RecursiveElementProcessor, resharper-angularjs].ProcessBeforeInterior([?] element)","IsEntryPoint":true,"Body":[{"$type":"[SST:Statements.VariableDeclaration]","Reference":{"$type":"[SST:References.VariableReference]","Identifier":"jsDocComment"},"Type":"0T:?"},{"$type":"[SST:Statements.Assignment]","Reference":{"$type":"[SST:References.VariableReference]","Identifier":"jsDocComment"},"Expression":{"$type":"[SST:Expressions.Assignable.CastExpression]","TargetType":"0T:?","Operator":0,"Reference":{"$type":"[SST:References.VariableReference]","Identifier":"element"}}},{"$type":"[SST:Statements.VariableDeclaration]","Reference":{"$type":"[SST:References.VariableReference]","Identifier":"$0"},"Type":"0T:?"},{"$type":"[SST:Statements.Assignment]","Reference":{"$type":"[SST:References.VariableReference]","Identifier":"$0"},"Expression":{"$type":"[SST:Expressions.Assignable.BinaryExpression]","LeftOperand":{"$type":"[SST:Expressions.Simple.ReferenceExpression]","Reference":{"$type":"[SST:References.VariableReference]","Identifier":"jsDocComment"}},"Operator":6,"RightOperand":{"$type":"[SST:Expressions.Simple.ConstantValueExpression]","Value":"null"}}},{"$type":"[SST:Statements.VariableDeclaration]","Reference":{"$type":"[SST:References.VariableReference]","Identifier":"$1"},"Type":"0T:?"},{"$type":"[SST:Statements.Assignment]","Reference":{"$type":"[SST:References.VariableReference]","Identifier":"$1"},"Expression":{"$type":"[SST:Expressions.Assignable.BinaryExpression]","LeftOperand":{"$type":"[SST:Expressions.Simple.ReferenceExpression]","Reference":{"$type":"[SST:References.UnknownReference]"}},"Operator":6,"RightOperand":{"$type":"[SST:Expressions.Simple.ConstantValueExpression]","Value":"null"}}},{"$type":"[SST:Statements.VariableDeclaration]","Reference":{"$type":"[SST:References.VariableReference]","Identifier":"$2"},"Type":"0T:?"},{"$type":"[SST:Statements.Assignment]","Reference":{"$type":"[SST:References.VariableReference]","Identifier":"$2"},"Expression":{"$type":"[SST:Expressions.Assignable.BinaryExpression]","LeftOperand":{"$type":"[SST:Expressions.Simple.ReferenceExpression]","Reference":{"$type":"[SST:References.VariableReference]","Identifier":"$0"}},"Operator":7,"RightOperand":{"$type":"[SST:Expressions.Simple.ReferenceExpression]","Reference":{"$type":"[SST:References.VariableReference]","Identifier":"$1"}}}},{"$type":"[SST:Statements.VariableDeclaration]","Reference":{"$type":"[SST:References.VariableReference]","Identifier":"$3"},"Type":"0T:?"},{"$type":"[SST:Statements.Assignment]","Reference":{"$type":"[SST:References.VariableReference]","Identifier":"$3"},"Expression":{"$type":"[SST:Expressions.Assignable.BinaryExpression]","LeftOperand":{"$type":"[SST:Expressions.Simple.ReferenceExpression]","Reference":{"$type":"[SST:References.UnknownReference]"}},"Operator":6,"RightOperand":{"$type":"[SST:Expressions.Simple.ConstantValueExpression]","Value":"null"}}},{"$type":"[SST:Statements.VariableDeclaration]","Reference":{"$type":"[SST:References.VariableReference]","Identifier":"$4"},"Type":"0T:?"},{"$type":"[SST:Statements.Assignment]","Reference":{"$type":"[SST:References.VariableReference]","Identifier":"$4"},"Expression":{"$type":"[SST:Expressions.Assignable.BinaryExpression]","LeftOperand":{"$type":"[SST:Expressions.Simple.ReferenceExpression]","Reference":{"$type":"[SST:References.VariableReference]","Identifier":"$2"}},"Operator":7,"RightOperand":{"$type":"[SST:Expressions.Simple.ReferenceExpression]","Reference":{"$type":"[SST:References.VariableReference]","Identifier":"$3"}}}},{"$type":"[SST:Blocks.IfElseBlock]","Condition":{"$type":"[SST:Expressions.Simple.ReferenceExpression]","Reference":{"$type":"[SST:References.VariableReference]","Identifier":"$4"}},"Then":[{"$type":"[SST:Statements.VariableDeclaration]","Reference":{"$type":"[SST:References.VariableReference]","Identifier":"$5"},"Type":"0T:JetBrains.ReSharper.Plugins.AngularJS.Feature.Services.Caches.JsDocFileProcessor, resharper-angularjs"},{"$type":"[SST:Statements.Assignment]","Reference":{"$type":"[SST:References.VariableReference]","Identifier":"$5"},"Expression":{"$type":"[SST:Expressions.Simple.ReferenceExpression]","Reference":{"$type":"[SST:References.FieldReference]","Reference":{"$type":"[SST:References.VariableReference]","Identifier":"this"},"FieldName":"0F:[JetBrains.ReSharper.Plugins.AngularJS.Feature.Services.Caches.JsDocFileProcessor, resharper-angularjs] [JetBrains.ReSharper.Plugins.AngularJS.Feature.Services.Caches.AngularJsCache+RecursiveElementProcessor, resharper-angularjs].jsDocFileProcessor"}}},{"$type":"[SST:Statements.ExpressionStatement]","Expression":{"$type":"[SST:Expressions.Assignable.InvocationExpression]","Reference":{"$type":"[SST:References.VariableReference]","Identifier":"$5"},"MethodName":"0M:[p:void] [JetBrains.ReSharper.Plugins.AngularJS.Feature.Services.Caches.JsDocFileProcessor, resharper-angularjs].ProcessJsDocFile([?] jsDocFile)","Parameters":[{"$type":"[SST:Expressions.Simple.ReferenceExpression]","Reference":{"$type":"[SST:References.UnknownReference]"}}]}}],"Else":[]},{"$type":"[SST:Statements.VariableDeclaration]","Reference":{"$type":"[SST:References.VariableReference]","Identifier":"jsInvocation"},"Type":"0T:?"},{"$type":"[SST:Statements.Assignment]","Reference":{"$type":"[SST:References.VariableReference]","Identifier":"jsInvocation"},"Expression":{"$type":"[SST:Expressions.Assignable.CastExpression]","TargetType":"0T:?","Operator":0,"Reference":{"$type":"[SST:References.VariableReference]","Identifier":"element"}}},{"$type":"[SST:Statements.VariableDeclaration]","Reference":{"$type":"[SST:References.VariableReference]","Identifier":"$6"},"Type":"0T:?"},{"$type":"[SST:Statements.Assignment]","Reference":{"$type":"[SST:References.VariableReference]","Identifier":"$6"},"Expression":{"$type":"[SST:Expressions.Assignable.BinaryExpression]","LeftOperand":{"$type":"[SST:Expressions.Simple.ReferenceExpression]","Reference":{"$type":"[SST:References.VariableReference]","Identifier":"jsInvocation"}},"Operator":6,"RightOperand":{"$type":"[SST:Expressions.Simple.ConstantValueExpression]","Value":"null"}}},{"$type":"[SST:Blocks.IfElseBlock]","Condition":{"$type":"[SST:Expressions.Simple.ReferenceExpression]","Reference":{"$type":"[SST:References.VariableReference]","Identifier":"$6"}},"Then":[{"$type":"[SST:Statements.VariableDeclaration]","Reference":{"$type":"[SST:References.VariableReference]","Identifier":"$7"},"Type":"0T:JetBrains.ReSharper.Plugins.AngularJS.Feature.Services.Caches.JsInvocationProcessor, resharper-angularjs"},{"$type":"[SST:Statements.Assignment]","Reference":{"$type":"[SST:References.VariableReference]","Identifier":"$7"},"Expression":{"$type":"[SST:Expressions.Simple.ReferenceExpression]","Reference":{"$type":"[SST:References.FieldReference]","Reference":{"$type":"[SST:References.VariableReference]","Identifier":"this"},"FieldName":"0F:[JetBrains.ReSharper.Plugins.AngularJS.Feature.Services.Caches.JsInvocationProcessor, resharper-angularjs] [JetBrains.ReSharper.Plugins.AngularJS.Feature.Services.Caches.AngularJsCache+RecursiveElementProcessor, resharper-angularjs].jsInvocationProcessor"}}},{"$type":"[SST:Statements.ExpressionStatement]","Expression":{"$type":"[SST:Expressions.Assignable.InvocationExpression]","Reference":{"$type":"[SST:References.VariableReference]","Identifier":"$7"},"MethodName":"0M:[p:void] [JetBrains.ReSharper.Plugins.AngularJS.Feature.Services.Caches.JsInvocationProcessor, resharper-angularjs].ProcessInvocationExpression([?] invocationExpression)","Parameters":[{"$type":"[SST:Expressions.Simple.ReferenceExpression]","Reference":{"$type":"[SST:References.VariableReference]","Identifier":"jsInvocation"}}]}}],"Else":[]}]},{"$type":"[SST:Declarations.MethodDeclaration]","Name":"0M:[p:void] [JetBrains.ReSharper.Plugins.AngularJS.Feature.Services.Caches.AngularJsCache+RecursiveElementProcessor, resharper-angularjs].ProcessAfterInterior([?] element)","IsEntryPoint":true,"Body":[]}],"Events":[],"Delegates":[]}}