{"$type":"KaVE.Commons.Model.Events.CompletionEvents.Context, KaVE.Commons","TypeShape":{"$type":"KaVE.Commons.Model.TypeShapes.TypeShape, KaVE.Commons","TypeHierarchy":{"$type":"KaVE.Commons.Model.TypeShapes.TypeHierarchy, KaVE.Commons","Element":"0T:JetBrains.ReSharper.Plugins.AngularJS.Feature.Services.CodeCompletion.WrappedDynamicLookupItem, resharper-angularjs","Implements":[{"$type":"KaVE.Commons.Model.TypeShapes.TypeHierarchy, KaVE.Commons","Element":"0T:?","Implements":[]}]},"NestedTypes":[],"Delegates":[],"EventHierarchies":[],"Fields":[],"MethodHierarchies":[{"$type":"KaVE.Commons.Model.TypeShapes.MethodHierarchy, KaVE.Commons","Element":"0M:[p:void] [JetBrains.ReSharper.Plugins.AngularJS.Feature.Services.CodeCompletion.WrappedDynamicLookupItem, resharper-angularjs]..ctor([?] item)"},{"$type":"KaVE.Commons.Model.TypeShapes.MethodHierarchy, KaVE.Commons","Element":"0M:[p:bool] [JetBrains.ReSharper.Plugins.AngularJS.Feature.Services.CodeCompletion.WrappedDynamicLookupItem, resharper-angularjs].AcceptIfOnlyMatched([?] itemAcceptanceContext)"},{"$type":"KaVE.Commons.Model.TypeShapes.MethodHierarchy, KaVE.Commons","Element":"0M:[p:void] [JetBrains.ReSharper.Plugins.AngularJS.Feature.Services.CodeCompletion.WrappedDynamicLookupItem, resharper-angularjs].Accept([?] textControl, [?] nameRange, [?] lookupItemInsertType, [?] suffix, [?] solution, [p:bool] keepCaretStill)"},{"$type":"KaVE.Commons.Model.TypeShapes.MethodHierarchy, KaVE.Commons","Element":"0M:[?] [JetBrains.ReSharper.Plugins.AngularJS.Feature.Services.CodeCompletion.WrappedDynamicLookupItem, resharper-angularjs].GetVisualReplaceRange([?] textControl, [?] nameRange)"},{"$type":"KaVE.Commons.Model.TypeShapes.MethodHierarchy, KaVE.Commons","Element":"0M:[p:bool] [JetBrains.ReSharper.Plugins.AngularJS.Feature.Services.CodeCompletion.WrappedDynamicLookupItem, resharper-angularjs].Shrink()"},{"$type":"KaVE.Commons.Model.TypeShapes.MethodHierarchy, KaVE.Commons","Element":"0M:[p:void] [JetBrains.ReSharper.Plugins.AngularJS.Feature.Services.CodeCompletion.WrappedDynamicLookupItem, resharper-angularjs].Unshrink()"},{"$type":"KaVE.Commons.Model.TypeShapes.MethodHierarchy, KaVE.Commons","Element":"0M:[i:System.Collections.Generic.IEnumerable`1[[T -> ?]], mscorlib, 4.0.0.0] [JetBrains.ReSharper.Plugins.AngularJS.Feature.Services.CodeCompletion.WrappedDynamicLookupItem, resharper-angularjs].CreateCandidates()"},{"$type":"KaVE.Commons.Model.TypeShapes.MethodHierarchy, KaVE.Commons","Element":"0M:[?] [JetBrains.ReSharper.Plugins.AngularJS.Feature.Services.CodeCompletion.WrappedDynamicLookupItem, resharper-angularjs].GetDescription()"},{"$type":"KaVE.Commons.Model.TypeShapes.MethodHierarchy, KaVE.Commons","Element":"0M:[?] [JetBrains.ReSharper.Plugins.AngularJS.Feature.Services.CodeCompletion.WrappedDynamicLookupItem, resharper-angularjs].Match([?] prefixMatcher, [?] textControl)"}],"PropertyHierarchies":[{"$type":"KaVE.Commons.Model.TypeShapes.PropertyHierarchy, KaVE.Commons","Element":"0P:set get [?] [JetBrains.ReSharper.Plugins.AngularJS.Feature.Services.CodeCompletion.WrappedDynamicLookupItem, resharper-angularjs].Item()"},{"$type":"KaVE.Commons.Model.TypeShapes.PropertyHierarchy, KaVE.Commons","Element":"0P:get [?] [JetBrains.ReSharper.Plugins.AngularJS.Feature.Services.CodeCompletion.WrappedDynamicLookupItem, resharper-angularjs].ParameterInfoProvidingLookupItem()"},{"$type":"KaVE.Commons.Model.TypeShapes.PropertyHierarchy, KaVE.Commons","Element":"0P:get [p:bool] [JetBrains.ReSharper.Plugins.AngularJS.Feature.Services.CodeCompletion.WrappedDynamicLookupItem, resharper-angularjs].IsDynamic()"},{"$type":"KaVE.Commons.Model.TypeShapes.PropertyHierarchy, KaVE.Commons","Element":"0P:get [?] [JetBrains.ReSharper.Plugins.AngularJS.Feature.Services.CodeCompletion.WrappedDynamicLookupItem, resharper-angularjs].DisplayName()"},{"$type":"KaVE.Commons.Model.TypeShapes.PropertyHierarchy, KaVE.Commons","Element":"0P:get [?] [JetBrains.ReSharper.Plugins.AngularJS.Feature.Services.CodeCompletion.WrappedDynamicLookupItem, resharper-angularjs].DisplayTypeName()"},{"$type":"KaVE.Commons.Model.TypeShapes.PropertyHierarchy, KaVE.Commons","Element":"0P:get [?] [JetBrains.ReSharper.Plugins.AngularJS.Feature.Services.CodeCompletion.WrappedDynamicLookupItem, resharper-angularjs].Image()"},{"$type":"KaVE.Commons.Model.TypeShapes.PropertyHierarchy, KaVE.Commons","Element":"0P:get [p:bool] [JetBrains.ReSharper.Plugins.AngularJS.Feature.Services.CodeCompletion.WrappedDynamicLookupItem, resharper-angularjs].CanShrink()"},{"$type":"KaVE.Commons.Model.TypeShapes.PropertyHierarchy, KaVE.Commons","Element":"0P:set get [p:int] [JetBrains.ReSharper.Plugins.AngularJS.Feature.Services.CodeCompletion.WrappedDynamicLookupItem, resharper-angularjs].Multiplier()"},{"$type":"KaVE.Commons.Model.TypeShapes.PropertyHierarchy, KaVE.Commons","Element":"0P:get [p:bool] [JetBrains.ReSharper.Plugins.AngularJS.Feature.Services.CodeCompletion.WrappedDynamicLookupItem, resharper-angularjs].IgnoreSoftOnSpace()"},{"$type":"KaVE.Commons.Model.TypeShapes.PropertyHierarchy, KaVE.Commons","Element":"0P:get [p:int] [JetBrains.ReSharper.Plugins.AngularJS.Feature.Services.CodeCompletion.WrappedDynamicLookupItem, resharper-angularjs].Identity()"},{"$type":"KaVE.Commons.Model.TypeShapes.PropertyHierarchy, KaVE.Commons","Element":"0P:get [p:bool] [JetBrains.ReSharper.Plugins.AngularJS.Feature.Services.CodeCompletion.WrappedDynamicLookupItem, resharper-angularjs].HasCandidates()"},{"$type":"KaVE.Commons.Model.TypeShapes.PropertyHierarchy, KaVE.Commons","Element":"0P:set get [?] [JetBrains.ReSharper.Plugins.AngularJS.Feature.Services.CodeCompletion.WrappedDynamicLookupItem, resharper-angularjs].Mode()"},{"$type":"KaVE.Commons.Model.TypeShapes.PropertyHierarchy, KaVE.Commons","Element":"0P:set get [?] [JetBrains.ReSharper.Plugins.AngularJS.Feature.Services.CodeCompletion.WrappedDynamicLookupItem, resharper-angularjs].Placement()"}]},"SST":{"$type":"[SST:SST]","EnclosingType":"0T:JetBrains.ReSharper.Plugins.AngularJS.Feature.Services.CodeCompletion.WrappedDynamicLookupItem, resharper-angularjs","Fields":[],"Properties":[{"$type":"[SST:Declarations.PropertyDeclaration]","Name":"0P:set get [?] [JetBrains.ReSharper.Plugins.AngularJS.Feature.Services.CodeCompletion.WrappedDynamicLookupItem, resharper-angularjs].Item()","Get":[],"Set":[]},{"$type":"[SST:Declarations.PropertyDeclaration]","Name":"0P:get [?] [JetBrains.ReSharper.Plugins.AngularJS.Feature.Services.CodeCompletion.WrappedDynamicLookupItem, resharper-angularjs].ParameterInfoProvidingLookupItem()","Get":[{"$type":"[SST:Statements.VariableDeclaration]","Reference":{"$type":"[SST:References.VariableReference]","Identifier":"$0"},"Type":"0T:?"},{"$type":"[SST:Statements.Assignment]","Reference":{"$type":"[SST:References.VariableReference]","Identifier":"$0"},"Expression":{"$type":"[SST:Expressions.Simple.ReferenceExpression]","Reference":{"$type":"[SST:References.PropertyReference]","Reference":{"$type":"[SST:References.VariableReference]","Identifier":"this"},"PropertyName":"0P:set get [?] [JetBrains.ReSharper.Plugins.AngularJS.Feature.Services.CodeCompletion.WrappedDynamicLookupItem, resharper-angularjs].Item()"}}},{"$type":"[SST:Statements.VariableDeclaration]","Reference":{"$type":"[SST:References.VariableReference]","Identifier":"$1"},"Type":"0T:?"},{"$type":"[SST:Statements.Assignment]","Reference":{"$type":"[SST:References.VariableReference]","Identifier":"$1"},"Expression":{"$type":"[SST:Expressions.Assignable.CastExpression]","TargetType":"0T:?","Operator":0,"Reference":{"$type":"[SST:References.VariableReference]","Identifier":"$0"}}},{"$type":"[SST:Statements.ReturnStatement]","Expression":{"$type":"[SST:Expressions.Simple.ReferenceExpression]","Reference":{"$type":"[SST:References.VariableReference]","Identifier":"$1"}},"IsVoid":false}],"Set":[]},{"$type":"[SST:Declarations.PropertyDeclaration]","Name":"0P:get [p:bool] [JetBrains.ReSharper.Plugins.AngularJS.Feature.Services.CodeCompletion.WrappedDynamicLookupItem, resharper-angularjs].IsDynamic()","Get":[{"$type":"[SST:Statements.ReturnStatement]","Expression":{"$type":"[SST:Expressions.Simple.ConstantValueExpression]","Value":"true"},"IsVoid":false}],"Set":[]},{"$type":"[SST:Declarations.PropertyDeclaration]","Name":"0P:get [?] [JetBrains.ReSharper.Plugins.AngularJS.Feature.Services.CodeCompletion.WrappedDynamicLookupItem, resharper-angularjs].DisplayName()","Get":[{"$type":"[SST:Statements.ReturnStatement]","Expression":{"$type":"[SST:Expressions.Simple.ReferenceExpression]","Reference":{"$type":"[SST:References.UnknownReference]"}},"IsVoid":false}],"Set":[]},{"$type":"[SST:Declarations.PropertyDeclaration]","Name":"0P:get [?] [JetBrains.ReSharper.Plugins.AngularJS.Feature.Services.CodeCompletion.WrappedDynamicLookupItem, resharper-angularjs].DisplayTypeName()","Get":[{"$type":"[SST:Statements.ReturnStatement]","Expression":{"$type":"[SST:Expressions.Simple.ReferenceExpression]","Reference":{"$type":"[SST:References.UnknownReference]"}},"IsVoid":false}],"Set":[]},{"$type":"[SST:Declarations.PropertyDeclaration]","Name":"0P:get [?] [JetBrains.ReSharper.Plugins.AngularJS.Feature.Services.CodeCompletion.WrappedDynamicLookupItem, resharper-angularjs].Image()","Get":[{"$type":"[SST:Statements.ReturnStatement]","Expression":{"$type":"[SST:Expressions.Simple.ReferenceExpression]","Reference":{"$type":"[SST:References.UnknownReference]"}},"IsVoid":false}],"Set":[]},{"$type":"[SST:Declarations.PropertyDeclaration]","Name":"0P:get [p:bool] [JetBrains.ReSharper.Plugins.AngularJS.Feature.Services.CodeCompletion.WrappedDynamicLookupItem, resharper-angularjs].CanShrink()","Get":[{"$type":"[SST:Statements.ReturnStatement]","Expression":{"$type":"[SST:Expressions.Simple.ReferenceExpression]","Reference":{"$type":"[SST:References.UnknownReference]"}},"IsVoid":false}],"Set":[]},{"$type":"[SST:Declarations.PropertyDeclaration]","Name":"0P:set get [p:int] [JetBrains.ReSharper.Plugins.AngularJS.Feature.Services.CodeCompletion.WrappedDynamicLookupItem, resharper-angularjs].Multiplier()","Get":[{"$type":"[SST:Statements.ReturnStatement]","Expression":{"$type":"[SST:Expressions.Simple.ReferenceExpression]","Reference":{"$type":"[SST:References.UnknownReference]"}},"IsVoid":false}],"Set":[{"$type":"[SST:Statements.Assignment]","Reference":{"$type":"[SST:References.UnknownReference]"},"Expression":{"$type":"[SST:Expressions.Simple.ReferenceExpression]","Reference":{"$type":"[SST:References.VariableReference]","Identifier":"value"}}}]},{"$type":"[SST:Declarations.PropertyDeclaration]","Name":"0P:get [p:bool] [JetBrains.ReSharper.Plugins.AngularJS.Feature.Services.CodeCompletion.WrappedDynamicLookupItem, resharper-angularjs].IgnoreSoftOnSpace()","Get":[{"$type":"[SST:Statements.ReturnStatement]","Expression":{"$type":"[SST:Expressions.Simple.ReferenceExpression]","Reference":{"$type":"[SST:References.UnknownReference]"}},"IsVoid":false}],"Set":[]},{"$type":"[SST:Declarations.PropertyDeclaration]","Name":"0P:get [p:int] [JetBrains.ReSharper.Plugins.AngularJS.Feature.Services.CodeCompletion.WrappedDynamicLookupItem, resharper-angularjs].Identity()","Get":[{"$type":"[SST:Statements.ReturnStatement]","Expression":{"$type":"[SST:Expressions.Simple.ReferenceExpression]","Reference":{"$type":"[SST:References.UnknownReference]"}},"IsVoid":false}],"Set":[]},{"$type":"[SST:Declarations.PropertyDeclaration]","Name":"0P:get [p:bool] [JetBrains.ReSharper.Plugins.AngularJS.Feature.Services.CodeCompletion.WrappedDynamicLookupItem, resharper-angularjs].HasCandidates()","Get":[{"$type":"[SST:Statements.VariableDeclaration]","Reference":{"$type":"[SST:References.VariableReference]","Identifier":"$0"},"Type":"0T:?"},{"$type":"[SST:Statements.Assignment]","Reference":{"$type":"[SST:References.VariableReference]","Identifier":"$0"},"Expression":{"$type":"[SST:Expressions.Assignable.BinaryExpression]","LeftOperand":{"$type":"[SST:Expressions.Simple.ReferenceExpression]","Reference":{"$type":"[SST:References.PropertyReference]","Reference":{"$type":"[SST:References.VariableReference]","Identifier":"this"},"PropertyName":"0P:get [?] [JetBrains.ReSharper.Plugins.AngularJS.Feature.Services.CodeCompletion.WrappedDynamicLookupItem, resharper-angularjs].ParameterInfoProvidingLookupItem()"}},"Operator":6,"RightOperand":{"$type":"[SST:Expressions.Simple.ConstantValueExpression]","Value":"null"}}},{"$type":"[SST:Statements.VariableDeclaration]","Reference":{"$type":"[SST:References.VariableReference]","Identifier":"$1"},"Type":"0T:?"},{"$type":"[SST:Statements.Assignment]","Reference":{"$type":"[SST:References.VariableReference]","Identifier":"$1"},"Expression":{"$type":"[SST:Expressions.Assignable.BinaryExpression]","LeftOperand":{"$type":"[SST:Expressions.Simple.ReferenceExpression]","Reference":{"$type":"[SST:References.VariableReference]","Identifier":"$0"}},"Operator":7,"RightOperand":{"$type":"[SST:Expressions.Simple.ReferenceExpression]","Reference":{"$type":"[SST:References.UnknownReference]"}}}},{"$type":"[SST:Statements.ReturnStatement]","Expression":{"$type":"[SST:Expressions.Simple.ReferenceExpression]","Reference":{"$type":"[SST:References.VariableReference]","Identifier":"$1"}},"IsVoid":false}],"Set":[]},{"$type":"[SST:Declarations.PropertyDeclaration]","Name":"0P:set get [?] [JetBrains.ReSharper.Plugins.AngularJS.Feature.Services.CodeCompletion.WrappedDynamicLookupItem, resharper-angularjs].Mode()","Get":[{"$type":"[SST:Statements.ReturnStatement]","Expression":{"$type":"[SST:Expressions.Simple.ReferenceExpression]","Reference":{"$type":"[SST:References.UnknownReference]"}},"IsVoid":false}],"Set":[{"$type":"[SST:Statements.Assignment]","Reference":{"$type":"[SST:References.UnknownReference]"},"Expression":{"$type":"[SST:Expressions.Simple.ReferenceExpression]","Reference":{"$type":"[SST:References.VariableReference]","Identifier":"value"}}}]},{"$type":"[SST:Declarations.PropertyDeclaration]","Name":"0P:set get [?] [JetBrains.ReSharper.Plugins.AngularJS.Feature.Services.CodeCompletion.WrappedDynamicLookupItem, resharper-angularjs].Placement()","Get":[{"$type":"[SST:Statements.ReturnStatement]","Expression":{"$type":"[SST:Expressions.Simple.ReferenceExpression]","Reference":{"$type":"[SST:References.UnknownReference]"}},"IsVoid":false}],"Set":[{"$type":"[SST:Statements.Assignment]","Reference":{"$type":"[SST:References.UnknownReference]"},"Expression":{"$type":"[SST:Expressions.Simple.ReferenceExpression]","Reference":{"$type":"[SST:References.VariableReference]","Identifier":"value"}}}]}],"Methods":[{"$type":"[SST:Declarations.MethodDeclaration]","Name":"0M:[p:void] [JetBrains.ReSharper.Plugins.AngularJS.Feature.Services.CodeCompletion.WrappedDynamicLookupItem, resharper-angularjs]..ctor([?] item)","IsEntryPoint":true,"Body":[{"$type":"[SST:Statements.Assignment]","Reference":{"$type":"[SST:References.PropertyReference]","Reference":{"$type":"[SST:References.VariableReference]","Identifier":"this"},"PropertyName":"0P:set get [?] [JetBrains.ReSharper.Plugins.AngularJS.Feature.Services.CodeCompletion.WrappedDynamicLookupItem, resharper-angularjs].Item()"},"Expression":{"$type":"[SST:Expressions.Simple.ReferenceExpression]","Reference":{"$type":"[SST:References.VariableReference]","Identifier":"item"}}}]},{"$type":"[SST:Declarations.MethodDeclaration]","Name":"0M:[p:bool] [JetBrains.ReSharper.Plugins.AngularJS.Feature.Services.CodeCompletion.WrappedDynamicLookupItem, resharper-angularjs].AcceptIfOnlyMatched([?] itemAcceptanceContext)","IsEntryPoint":true,"Body":[{"$type":"[SST:Statements.VariableDeclaration]","Reference":{"$type":"[SST:References.VariableReference]","Identifier":"$0"},"Type":"0T:?"},{"$type":"[SST:Statements.Assignment]","Reference":{"$type":"[SST:References.VariableReference]","Identifier":"$0"},"Expression":{"$type":"[SST:Expressions.Assignable.InvocationExpression]","Reference":{"$type":"[SST:References.VariableReference]","Identifier":""},"MethodName":"0M:[?] [?].???()","Parameters":[{"$type":"[SST:Expressions.Simple.ReferenceExpression]","Reference":{"$type":"[SST:References.VariableReference]","Identifier":"itemAcceptanceContext"}}]}},{"$type":"[SST:Statements.ReturnStatement]","Expression":{"$type":"[SST:Expressions.Simple.ReferenceExpression]","Reference":{"$type":"[SST:References.VariableReference]","Identifier":"$0"}},"IsVoid":false}]},{"$type":"[SST:Declarations.MethodDeclaration]","Name":"0M:[p:void] [JetBrains.ReSharper.Plugins.AngularJS.Feature.Services.CodeCompletion.WrappedDynamicLookupItem, resharper-angularjs].Accept([?] textControl, [?] nameRange, [?] lookupItemInsertType, [?] suffix, [?] solution, [p:bool] keepCaretStill)","IsEntryPoint":true,"Body":[{"$type":"[SST:Statements.ExpressionStatement]","Expression":{"$type":"[SST:Expressions.Assignable.InvocationExpression]","Reference":{"$type":"[SST:References.VariableReference]","Identifier":""},"MethodName":"0M:[?] [?].???()","Parameters":[{"$type":"[SST:Expressions.Simple.ReferenceExpression]","Reference":{"$type":"[SST:References.VariableReference]","Identifier":"textControl"}},{"$type":"[SST:Expressions.Simple.ReferenceExpression]","Reference":{"$type":"[SST:References.VariableReference]","Identifier":"nameRange"}},{"$type":"[SST:Expressions.Simple.ReferenceExpression]","Reference":{"$type":"[SST:References.VariableReference]","Identifier":"lookupItemInsertType"}},{"$type":"[SST:Expressions.Simple.ReferenceExpression]","Reference":{"$type":"[SST:References.VariableReference]","Identifier":"suffix"}},{"$type":"[SST:Expressions.Simple.ReferenceExpression]","Reference":{"$type":"[SST:References.VariableReference]","Identifier":"solution"}},{"$type":"[SST:Expressions.Simple.ReferenceExpression]","Reference":{"$type":"[SST:References.VariableReference]","Identifier":"keepCaretStill"}}]}}]},{"$type":"[SST:Declarations.MethodDeclaration]","Name":"0M:[?] [JetBrains.ReSharper.Plugins.AngularJS.Feature.Services.CodeCompletion.WrappedDynamicLookupItem, resharper-angularjs].GetVisualReplaceRange([?] textControl, [?] nameRange)","IsEntryPoint":true,"Body":[{"$type":"[SST:Statements.VariableDeclaration]","Reference":{"$type":"[SST:References.VariableReference]","Identifier":"$0"},"Type":"0T:?"},{"$type":"[SST:Statements.Assignment]","Reference":{"$type":"[SST:References.VariableReference]","Identifier":"$0"},"Expression":{"$type":"[SST:Expressions.Assignable.InvocationExpression]","Reference":{"$type":"[SST:References.VariableReference]","Identifier":""},"MethodName":"0M:[?] [?].???()","Parameters":[{"$type":"[SST:Expressions.Simple.ReferenceExpression]","Reference":{"$type":"[SST:References.VariableReference]","Identifier":"textControl"}},{"$type":"[SST:Expressions.Simple.ReferenceExpression]","Reference":{"$type":"[SST:References.VariableReference]","Identifier":"nameRange"}}]}},{"$type":"[SST:Statements.ReturnStatement]","Expression":{"$type":"[SST:Expressions.Simple.ReferenceExpression]","Reference":{"$type":"[SST:References.VariableReference]","Identifier":"$0"}},"IsVoid":false}]},{"$type":"[SST:Declarations.MethodDeclaration]","Name":"0M:[p:bool] [JetBrains.ReSharper.Plugins.AngularJS.Feature.Services.CodeCompletion.WrappedDynamicLookupItem, resharper-angularjs].Shrink()","IsEntryPoint":true,"Body":[{"$type":"[SST:Statements.VariableDeclaration]","Reference":{"$type":"[SST:References.VariableReference]","Identifier":"$0"},"Type":"0T:?"},{"$type":"[SST:Statements.Assignment]","Reference":{"$type":"[SST:References.VariableReference]","Identifier":"$0"},"Expression":{"$type":"[SST:Expressions.Assignable.InvocationExpression]","Reference":{"$type":"[SST:References.VariableReference]","Identifier":""},"MethodName":"0M:[?] [?].???()","Parameters":[]}},{"$type":"[SST:Statements.ReturnStatement]","Expression":{"$type":"[SST:Expressions.Simple.ReferenceExpression]","Reference":{"$type":"[SST:References.VariableReference]","Identifier":"$0"}},"IsVoid":false}]},{"$type":"[SST:Declarations.MethodDeclaration]","Name":"0M:[p:void] [JetBrains.ReSharper.Plugins.AngularJS.Feature.Services.CodeCompletion.WrappedDynamicLookupItem, resharper-angularjs].Unshrink()","IsEntryPoint":true,"Body":[{"$type":"[SST:Statements.ExpressionStatement]","Expression":{"$type":"[SST:Expressions.Assignable.InvocationExpression]","Reference":{"$type":"[SST:References.VariableReference]","Identifier":""},"MethodName":"0M:[?] [?].???()","Parameters":[]}}]},{"$type":"[SST:Declarations.MethodDeclaration]","Name":"0M:[i:System.Collections.Generic.IEnumerable`1[[T -> ?]], mscorlib, 4.0.0.0] [JetBrains.ReSharper.Plugins.AngularJS.Feature.Services.CodeCompletion.WrappedDynamicLookupItem, resharper-angularjs].CreateCandidates()","IsEntryPoint":true,"Body":[{"$type":"[SST:Statements.VariableDeclaration]","Reference":{"$type":"[SST:References.VariableReference]","Identifier":"$0"},"Type":"0T:?"},{"$type":"[SST:Statements.Assignment]","Reference":{"$type":"[SST:References.VariableReference]","Identifier":"$0"},"Expression":{"$type":"[SST:Expressions.Assignable.BinaryExpression]","LeftOperand":{"$type":"[SST:Expressions.Simple.ReferenceExpression]","Reference":{"$type":"[SST:References.PropertyReference]","Reference":{"$type":"[SST:References.VariableReference]","Identifier":"this"},"PropertyName":"0P:get [?] [JetBrains.ReSharper.Plugins.AngularJS.Feature.Services.CodeCompletion.WrappedDynamicLookupItem, resharper-angularjs].ParameterInfoProvidingLookupItem()"}},"Operator":3,"RightOperand":{"$type":"[SST:Expressions.Simple.ConstantValueExpression]","Value":"null"}}},{"$type":"[SST:Statements.VariableDeclaration]","Reference":{"$type":"[SST:References.VariableReference]","Identifier":"$1"},"Type":"0T:?"},{"$type":"[SST:Statements.Assignment]","Reference":{"$type":"[SST:References.VariableReference]","Identifier":"$1"},"Expression":{"$type":"[SST:Expressions.Assignable.InvocationExpression]","Reference":{"$type":"[SST:References.VariableReference]","Identifier":""},"MethodName":"0M:[?] [?].???()","Parameters":[]}},{"$type":"[SST:Statements.VariableDeclaration]","Reference":{"$type":"[SST:References.VariableReference]","Identifier":"$2"},"Type":"0T:?"},{"$type":"[SST:Statements.Assignment]","Reference":{"$type":"[SST:References.VariableReference]","Identifier":"$2"},"Expression":{"$type":"[SST:Expressions.Assignable.IfElseExpression]","Condition":{"$type":"[SST:Expressions.Simple.ReferenceExpression]","Reference":{"$type":"[SST:References.VariableReference]","Identifier":"$0"}},"ThenExpression":{"$type":"[SST:Expressions.Simple.ReferenceExpression]","Reference":{"$type":"[SST:References.UnknownReference]"}},"ElseExpression":{"$type":"[SST:Expressions.Simple.ReferenceExpression]","Reference":{"$type":"[SST:References.VariableReference]","Identifier":"$1"}}}},{"$type":"[SST:Statements.ReturnStatement]","Expression":{"$type":"[SST:Expressions.Simple.ReferenceExpression]","Reference":{"$type":"[SST:References.VariableReference]","Identifier":"$2"}},"IsVoid":false}]},{"$type":"[SST:Declarations.MethodDeclaration]","Name":"0M:[?] [JetBrains.ReSharper.Plugins.AngularJS.Feature.Services.CodeCompletion.WrappedDynamicLookupItem, resharper-angularjs].GetDescription()","IsEntryPoint":true,"Body":[{"$type":"[SST:Statements.VariableDeclaration]","Reference":{"$type":"[SST:References.VariableReference]","Identifier":"descriptionProvidingLookupItem"},"Type":"0T:?"},{"$type":"[SST:Statements.VariableDeclaration]","Reference":{"$type":"[SST:References.VariableReference]","Identifier":"$0"},"Type":"0T:?"},{"$type":"[SST:Statements.Assignment]","Reference":{"$type":"[SST:References.VariableReference]","Identifier":"$0"},"Expression":{"$type":"[SST:Expressions.Simple.ReferenceExpression]","Reference":{"$type":"[SST:References.PropertyReference]","Reference":{"$type":"[SST:References.VariableReference]","Identifier":"this"},"PropertyName":"0P:set get [?] [JetBrains.ReSharper.Plugins.AngularJS.Feature.Services.CodeCompletion.WrappedDynamicLookupItem, resharper-angularjs].Item()"}}},{"$type":"[SST:Statements.Assignment]","Reference":{"$type":"[SST:References.VariableReference]","Identifier":"descriptionProvidingLookupItem"},"Expression":{"$type":"[SST:Expressions.Assignable.CastExpression]","TargetType":"0T:?","Operator":0,"Reference":{"$type":"[SST:References.VariableReference]","Identifier":"$0"}}},{"$type":"[SST:Statements.VariableDeclaration]","Reference":{"$type":"[SST:References.VariableReference]","Identifier":"$1"},"Type":"0T:?"},{"$type":"[SST:Statements.Assignment]","Reference":{"$type":"[SST:References.VariableReference]","Identifier":"$1"},"Expression":{"$type":"[SST:Expressions.Assignable.BinaryExpression]","LeftOperand":{"$type":"[SST:Expressions.Simple.ReferenceExpression]","Reference":{"$type":"[SST:References.VariableReference]","Identifier":"descriptionProvidingLookupItem"}},"Operator":6,"RightOperand":{"$type":"[SST:Expressions.Simple.ConstantValueExpression]","Value":"null"}}},{"$type":"[SST:Blocks.IfElseBlock]","Condition":{"$type":"[SST:Expressions.Simple.ReferenceExpression]","Reference":{"$type":"[SST:References.VariableReference]","Identifier":"$1"}},"Then":[{"$type":"[SST:Statements.VariableDeclaration]","Reference":{"$type":"[SST:References.VariableReference]","Identifier":"$2"},"Type":"0T:?"},{"$type":"[SST:Statements.Assignment]","Reference":{"$type":"[SST:References.VariableReference]","Identifier":"$2"},"Expression":{"$type":"[SST:Expressions.Assignable.InvocationExpression]","Reference":{"$type":"[SST:References.VariableReference]","Identifier":""},"MethodName":"0M:[?] [?].???()","Parameters":[]}},{"$type":"[SST:Statements.ReturnStatement]","Expression":{"$type":"[SST:Expressions.Simple.ReferenceExpression]","Reference":{"$type":"[SST:References.VariableReference]","Identifier":"$2"}},"IsVoid":false}],"Else":[]},{"$type":"[SST:Statements.VariableDeclaration]","Reference":{"$type":"[SST:References.VariableReference]","Identifier":"$3"},"Type":"0T:?"},{"$type":"[SST:Statements.Assignment]","Reference":{"$type":"[SST:References.VariableReference]","Identifier":"$3"},"Expression":{"$type":"[SST:Expressions.Simple.ReferenceExpression]","Reference":{"$type":"[SST:References.PropertyReference]","Reference":{"$type":"[SST:References.VariableReference]","Identifier":"this"},"PropertyName":"0P:set get [?] [JetBrains.ReSharper.Plugins.AngularJS.Feature.Services.CodeCompletion.WrappedDynamicLookupItem, resharper-angularjs].Item()"}}},{"$type":"[SST:Statements.VariableDeclaration]","Reference":{"$type":"[SST:References.VariableReference]","Identifier":"$4"},"Type":"0T:?"},{"$type":"[SST:Statements.Assignment]","Reference":{"$type":"[SST:References.VariableReference]","Identifier":"$4"},"Expression":{"$type":"[SST:Expressions.Assignable.CastExpression]","TargetType":"0T:?","Operator":0,"Reference":{"$type":"[SST:References.VariableReference]","Identifier":"$3"}}},{"$type":"[SST:Statements.VariableDeclaration]","Reference":{"$type":"[SST:References.VariableReference]","Identifier":"$5"},"Type":"0T:?"},{"$type":"[SST:Statements.Assignment]","Reference":{"$type":"[SST:References.VariableReference]","Identifier":"$5"},"Expression":{"$type":"[SST:Expressions.Assignable.InvocationExpression]","Reference":{"$type":"[SST:References.VariableReference]","Identifier":""},"MethodName":"0M:[?] [?].???()","Parameters":[{"$type":"[SST:Expressions.Simple.ReferenceExpression]","Reference":{"$type":"[SST:References.VariableReference]","Identifier":"$4"}}]}},{"$type":"[SST:Statements.ReturnStatement]","Expression":{"$type":"[SST:Expressions.Simple.ReferenceExpression]","Reference":{"$type":"[SST:References.VariableReference]","Identifier":"$5"}},"IsVoid":false}]},{"$type":"[SST:Declarations.MethodDeclaration]","Name":"0M:[?] [JetBrains.ReSharper.Plugins.AngularJS.Feature.Services.CodeCompletion.WrappedDynamicLookupItem, resharper-angularjs].Match([?] prefixMatcher, [?] textControl)","IsEntryPoint":true,"Body":[{"$type":"[SST:Statements.VariableDeclaration]","Reference":{"$type":"[SST:References.VariableReference]","Identifier":"$0"},"Type":"0T:?"},{"$type":"[SST:Statements.Assignment]","Reference":{"$type":"[SST:References.VariableReference]","Identifier":"$0"},"Expression":{"$type":"[SST:Expressions.Assignable.InvocationExpression]","Reference":{"$type":"[SST:References.VariableReference]","Identifier":""},"MethodName":"0M:[?] [?].???()","Parameters":[{"$type":"[SST:Expressions.Simple.ReferenceExpression]","Reference":{"$type":"[SST:References.VariableReference]","Identifier":"prefixMatcher"}},{"$type":"[SST:Expressions.Simple.ReferenceExpression]","Reference":{"$type":"[SST:References.VariableReference]","Identifier":"textControl"}}]}},{"$type":"[SST:Statements.ReturnStatement]","Expression":{"$type":"[SST:Expressions.Simple.ReferenceExpression]","Reference":{"$type":"[SST:References.VariableReference]","Identifier":"$0"}},"IsVoid":false}]}],"Events":[],"Delegates":[]}}