{"$type":"KaVE.Commons.Model.Events.CompletionEvents.Context, KaVE.Commons","TypeShape":{"$type":"KaVE.Commons.Model.TypeShapes.TypeShape, KaVE.Commons","TypeHierarchy":{"$type":"KaVE.Commons.Model.TypeShapes.TypeHierarchy, KaVE.Commons","Element":"0T:JetBrains.ReSharper.Plugins.AngularJS.Hacks.LiveTemplates.Scope.DelegatingScopePoint, resharper-angularjs","Implements":[{"$type":"KaVE.Commons.Model.TypeShapes.TypeHierarchy, KaVE.Commons","Element":"0T:?","Implements":[]}]},"NestedTypes":[],"Delegates":[],"EventHierarchies":[],"Fields":["0F:[?] [JetBrains.ReSharper.Plugins.AngularJS.Hacks.LiveTemplates.Scope.DelegatingScopePoint, resharper-angularjs].innerScopePoint"],"MethodHierarchies":[{"$type":"KaVE.Commons.Model.TypeShapes.MethodHierarchy, KaVE.Commons","Element":"0M:[p:void] [JetBrains.ReSharper.Plugins.AngularJS.Hacks.LiveTemplates.Scope.DelegatingScopePoint, resharper-angularjs]..ctor([?] innerScopePoint)"},{"$type":"KaVE.Commons.Model.TypeShapes.MethodHierarchy, KaVE.Commons","Element":"0M:[p:bool] [JetBrains.ReSharper.Plugins.AngularJS.Hacks.LiveTemplates.Scope.DelegatingScopePoint, resharper-angularjs].IsSubsetOf([?] other)"},{"$type":"KaVE.Commons.Model.TypeShapes.MethodHierarchy, KaVE.Commons","Element":"0M:[p:string] [JetBrains.ReSharper.Plugins.AngularJS.Hacks.LiveTemplates.Scope.DelegatingScopePoint, resharper-angularjs].CalcPrefix([?] document, [p:int] caretOffset)"},{"$type":"KaVE.Commons.Model.TypeShapes.MethodHierarchy, KaVE.Commons","Element":"0M:[System.Xml.XmlElement, System.Xml, 4.0.0.0] [JetBrains.ReSharper.Plugins.AngularJS.Hacks.LiveTemplates.Scope.DelegatingScopePoint, resharper-angularjs].WriteToXml([System.Xml.XmlElement, System.Xml, 4.0.0.0] element)"},{"$type":"KaVE.Commons.Model.TypeShapes.MethodHierarchy, KaVE.Commons","Element":"0M:[s:System.Guid, mscorlib, 4.0.0.0] [JetBrains.ReSharper.Plugins.AngularJS.Hacks.LiveTemplates.Scope.DelegatingScopePoint, resharper-angularjs].GetDefaultUID()"},{"$type":"KaVE.Commons.Model.TypeShapes.MethodHierarchy, KaVE.Commons","Element":"0M:[p:string] [JetBrains.ReSharper.Plugins.AngularJS.Hacks.LiveTemplates.Scope.DelegatingScopePoint, resharper-angularjs].GetTagName()"},{"$type":"KaVE.Commons.Model.TypeShapes.MethodHierarchy, KaVE.Commons","Element":"0M:[i:System.Collections.Generic.IEnumerable`1[[T -> ?]], mscorlib, 4.0.0.0] [JetBrains.ReSharper.Plugins.AngularJS.Hacks.LiveTemplates.Scope.DelegatingScopePoint, resharper-angularjs].EnumerateCustomProperties()"},{"$type":"KaVE.Commons.Model.TypeShapes.MethodHierarchy, KaVE.Commons","Element":"0M:[p:string] [JetBrains.ReSharper.Plugins.AngularJS.Hacks.LiveTemplates.Scope.DelegatingScopePoint, resharper-angularjs].ToString()","Super":"0M:[p:string] [p:object].ToString()"}],"PropertyHierarchies":[{"$type":"KaVE.Commons.Model.TypeShapes.PropertyHierarchy, KaVE.Commons","Element":"0P:set get [p:string] [JetBrains.ReSharper.Plugins.AngularJS.Hacks.LiveTemplates.Scope.DelegatingScopePoint, resharper-angularjs].Prefix()"},{"$type":"KaVE.Commons.Model.TypeShapes.PropertyHierarchy, KaVE.Commons","Element":"0P:get [p:string] [JetBrains.ReSharper.Plugins.AngularJS.Hacks.LiveTemplates.Scope.DelegatingScopePoint, resharper-angularjs].PresentableShortName()"},{"$type":"KaVE.Commons.Model.TypeShapes.PropertyHierarchy, KaVE.Commons","Element":"0P:get [?] [JetBrains.ReSharper.Plugins.AngularJS.Hacks.LiveTemplates.Scope.DelegatingScopePoint, resharper-angularjs].RelatedLanguage()"},{"$type":"KaVE.Commons.Model.TypeShapes.PropertyHierarchy, KaVE.Commons","Element":"0P:set get [s:System.Guid, mscorlib, 4.0.0.0] [JetBrains.ReSharper.Plugins.AngularJS.Hacks.LiveTemplates.Scope.DelegatingScopePoint, resharper-angularjs].UID()"}]},"SST":{"$type":"[SST:SST]","EnclosingType":"0T:JetBrains.ReSharper.Plugins.AngularJS.Hacks.LiveTemplates.Scope.DelegatingScopePoint, resharper-angularjs","Fields":[{"$type":"[SST:Declarations.FieldDeclaration]","Name":"0F:[?] [JetBrains.ReSharper.Plugins.AngularJS.Hacks.LiveTemplates.Scope.DelegatingScopePoint, resharper-angularjs].innerScopePoint"}],"Properties":[{"$type":"[SST:Declarations.PropertyDeclaration]","Name":"0P:set get [p:string] [JetBrains.ReSharper.Plugins.AngularJS.Hacks.LiveTemplates.Scope.DelegatingScopePoint, resharper-angularjs].Prefix()","Get":[],"Set":[]},{"$type":"[SST:Declarations.PropertyDeclaration]","Name":"0P:get [p:string] [JetBrains.ReSharper.Plugins.AngularJS.Hacks.LiveTemplates.Scope.DelegatingScopePoint, resharper-angularjs].PresentableShortName()","Get":[{"$type":"[SST:Statements.ReturnStatement]","Expression":{"$type":"[SST:Expressions.Simple.ReferenceExpression]","Reference":{"$type":"[SST:References.UnknownReference]"}},"IsVoid":false}],"Set":[]},{"$type":"[SST:Declarations.PropertyDeclaration]","Name":"0P:get [?] [JetBrains.ReSharper.Plugins.AngularJS.Hacks.LiveTemplates.Scope.DelegatingScopePoint, resharper-angularjs].RelatedLanguage()","Get":[{"$type":"[SST:Statements.ReturnStatement]","Expression":{"$type":"[SST:Expressions.Simple.ReferenceExpression]","Reference":{"$type":"[SST:References.UnknownReference]"}},"IsVoid":false}],"Set":[]},{"$type":"[SST:Declarations.PropertyDeclaration]","Name":"0P:set get [s:System.Guid, mscorlib, 4.0.0.0] [JetBrains.ReSharper.Plugins.AngularJS.Hacks.LiveTemplates.Scope.DelegatingScopePoint, resharper-angularjs].UID()","Get":[{"$type":"[SST:Statements.ReturnStatement]","Expression":{"$type":"[SST:Expressions.Simple.ReferenceExpression]","Reference":{"$type":"[SST:References.UnknownReference]"}},"IsVoid":false}],"Set":[{"$type":"[SST:Statements.Assignment]","Reference":{"$type":"[SST:References.UnknownReference]"},"Expression":{"$type":"[SST:Expressions.Simple.ReferenceExpression]","Reference":{"$type":"[SST:References.VariableReference]","Identifier":"value"}}}]}],"Methods":[{"$type":"[SST:Declarations.MethodDeclaration]","Name":"0M:[p:void] [JetBrains.ReSharper.Plugins.AngularJS.Hacks.LiveTemplates.Scope.DelegatingScopePoint, resharper-angularjs]..ctor([?] innerScopePoint)","IsEntryPoint":true,"Body":[{"$type":"[SST:Statements.Assignment]","Reference":{"$type":"[SST:References.FieldReference]","Reference":{"$type":"[SST:References.VariableReference]","Identifier":"this"},"FieldName":"0F:[?] [JetBrains.ReSharper.Plugins.AngularJS.Hacks.LiveTemplates.Scope.DelegatingScopePoint, resharper-angularjs].innerScopePoint"},"Expression":{"$type":"[SST:Expressions.Simple.ReferenceExpression]","Reference":{"$type":"[SST:References.VariableReference]","Identifier":"innerScopePoint"}}}]},{"$type":"[SST:Declarations.MethodDeclaration]","Name":"0M:[p:bool] [JetBrains.ReSharper.Plugins.AngularJS.Hacks.LiveTemplates.Scope.DelegatingScopePoint, resharper-angularjs].IsSubsetOf([?] other)","IsEntryPoint":true,"Body":[{"$type":"[SST:Statements.VariableDeclaration]","Reference":{"$type":"[SST:References.VariableReference]","Identifier":"$0"},"Type":"0T:?"},{"$type":"[SST:Statements.Assignment]","Reference":{"$type":"[SST:References.VariableReference]","Identifier":"$0"},"Expression":{"$type":"[SST:Expressions.Assignable.InvocationExpression]","Reference":{"$type":"[SST:References.VariableReference]","Identifier":""},"MethodName":"0M:[?] [?].???()","Parameters":[{"$type":"[SST:Expressions.Simple.ReferenceExpression]","Reference":{"$type":"[SST:References.VariableReference]","Identifier":"other"}}]}},{"$type":"[SST:Statements.ReturnStatement]","Expression":{"$type":"[SST:Expressions.Simple.ReferenceExpression]","Reference":{"$type":"[SST:References.VariableReference]","Identifier":"$0"}},"IsVoid":false}]},{"$type":"[SST:Declarations.MethodDeclaration]","Name":"0M:[p:string] [JetBrains.ReSharper.Plugins.AngularJS.Hacks.LiveTemplates.Scope.DelegatingScopePoint, resharper-angularjs].CalcPrefix([?] document, [p:int] caretOffset)","IsEntryPoint":true,"Body":[{"$type":"[SST:Statements.VariableDeclaration]","Reference":{"$type":"[SST:References.VariableReference]","Identifier":"$0"},"Type":"0T:?"},{"$type":"[SST:Statements.Assignment]","Reference":{"$type":"[SST:References.VariableReference]","Identifier":"$0"},"Expression":{"$type":"[SST:Expressions.Assignable.InvocationExpression]","Reference":{"$type":"[SST:References.VariableReference]","Identifier":""},"MethodName":"0M:[?] [?].???()","Parameters":[{"$type":"[SST:Expressions.Simple.ReferenceExpression]","Reference":{"$type":"[SST:References.VariableReference]","Identifier":"document"}},{"$type":"[SST:Expressions.Simple.ReferenceExpression]","Reference":{"$type":"[SST:References.VariableReference]","Identifier":"caretOffset"}}]}},{"$type":"[SST:Statements.ReturnStatement]","Expression":{"$type":"[SST:Expressions.Simple.ReferenceExpression]","Reference":{"$type":"[SST:References.VariableReference]","Identifier":"$0"}},"IsVoid":false}]},{"$type":"[SST:Declarations.MethodDeclaration]","Name":"0M:[System.Xml.XmlElement, System.Xml, 4.0.0.0] [JetBrains.ReSharper.Plugins.AngularJS.Hacks.LiveTemplates.Scope.DelegatingScopePoint, resharper-angularjs].WriteToXml([System.Xml.XmlElement, System.Xml, 4.0.0.0] element)","IsEntryPoint":true,"Body":[{"$type":"[SST:Statements.VariableDeclaration]","Reference":{"$type":"[SST:References.VariableReference]","Identifier":"$0"},"Type":"0T:?"},{"$type":"[SST:Statements.Assignment]","Reference":{"$type":"[SST:References.VariableReference]","Identifier":"$0"},"Expression":{"$type":"[SST:Expressions.Assignable.InvocationExpression]","Reference":{"$type":"[SST:References.VariableReference]","Identifier":""},"MethodName":"0M:[?] [?].???()","Parameters":[{"$type":"[SST:Expressions.Simple.ReferenceExpression]","Reference":{"$type":"[SST:References.VariableReference]","Identifier":"element"}}]}},{"$type":"[SST:Statements.ReturnStatement]","Expression":{"$type":"[SST:Expressions.Simple.ReferenceExpression]","Reference":{"$type":"[SST:References.VariableReference]","Identifier":"$0"}},"IsVoid":false}]},{"$type":"[SST:Declarations.MethodDeclaration]","Name":"0M:[s:System.Guid, mscorlib, 4.0.0.0] [JetBrains.ReSharper.Plugins.AngularJS.Hacks.LiveTemplates.Scope.DelegatingScopePoint, resharper-angularjs].GetDefaultUID()","IsEntryPoint":true,"Body":[{"$type":"[SST:Statements.VariableDeclaration]","Reference":{"$type":"[SST:References.VariableReference]","Identifier":"$0"},"Type":"0T:?"},{"$type":"[SST:Statements.Assignment]","Reference":{"$type":"[SST:References.VariableReference]","Identifier":"$0"},"Expression":{"$type":"[SST:Expressions.Assignable.InvocationExpression]","Reference":{"$type":"[SST:References.VariableReference]","Identifier":""},"MethodName":"0M:[?] [?].???()","Parameters":[]}},{"$type":"[SST:Statements.ReturnStatement]","Expression":{"$type":"[SST:Expressions.Simple.ReferenceExpression]","Reference":{"$type":"[SST:References.VariableReference]","Identifier":"$0"}},"IsVoid":false}]},{"$type":"[SST:Declarations.MethodDeclaration]","Name":"0M:[p:string] [JetBrains.ReSharper.Plugins.AngularJS.Hacks.LiveTemplates.Scope.DelegatingScopePoint, resharper-angularjs].GetTagName()","IsEntryPoint":true,"Body":[{"$type":"[SST:Statements.VariableDeclaration]","Reference":{"$type":"[SST:References.VariableReference]","Identifier":"$0"},"Type":"0T:?"},{"$type":"[SST:Statements.Assignment]","Reference":{"$type":"[SST:References.VariableReference]","Identifier":"$0"},"Expression":{"$type":"[SST:Expressions.Assignable.InvocationExpression]","Reference":{"$type":"[SST:References.VariableReference]","Identifier":""},"MethodName":"0M:[?] [?].???()","Parameters":[]}},{"$type":"[SST:Statements.ReturnStatement]","Expression":{"$type":"[SST:Expressions.Simple.ReferenceExpression]","Reference":{"$type":"[SST:References.VariableReference]","Identifier":"$0"}},"IsVoid":false}]},{"$type":"[SST:Declarations.MethodDeclaration]","Name":"0M:[i:System.Collections.Generic.IEnumerable`1[[T -> ?]], mscorlib, 4.0.0.0] [JetBrains.ReSharper.Plugins.AngularJS.Hacks.LiveTemplates.Scope.DelegatingScopePoint, resharper-angularjs].EnumerateCustomProperties()","IsEntryPoint":true,"Body":[{"$type":"[SST:Statements.VariableDeclaration]","Reference":{"$type":"[SST:References.VariableReference]","Identifier":"$0"},"Type":"0T:?"},{"$type":"[SST:Statements.Assignment]","Reference":{"$type":"[SST:References.VariableReference]","Identifier":"$0"},"Expression":{"$type":"[SST:Expressions.Assignable.InvocationExpression]","Reference":{"$type":"[SST:References.VariableReference]","Identifier":""},"MethodName":"0M:[?] [?].???()","Parameters":[]}},{"$type":"[SST:Statements.ReturnStatement]","Expression":{"$type":"[SST:Expressions.Simple.ReferenceExpression]","Reference":{"$type":"[SST:References.VariableReference]","Identifier":"$0"}},"IsVoid":false}]},{"$type":"[SST:Declarations.MethodDeclaration]","Name":"0M:[p:string] [JetBrains.ReSharper.Plugins.AngularJS.Hacks.LiveTemplates.Scope.DelegatingScopePoint, resharper-angularjs].ToString()","IsEntryPoint":true,"Body":[{"$type":"[SST:Statements.VariableDeclaration]","Reference":{"$type":"[SST:References.VariableReference]","Identifier":"$0"},"Type":"0T:?"},{"$type":"[SST:Statements.Assignment]","Reference":{"$type":"[SST:References.VariableReference]","Identifier":"$0"},"Expression":{"$type":"[SST:Expressions.Assignable.BinaryExpression]","LeftOperand":{"$type":"[SST:Expressions.Simple.ReferenceExpression]","Reference":{"$type":"[SST:References.FieldReference]","Reference":{"$type":"[SST:References.VariableReference]","Identifier":"this"},"FieldName":"0F:[?] [JetBrains.ReSharper.Plugins.AngularJS.Hacks.LiveTemplates.Scope.DelegatingScopePoint, resharper-angularjs].innerScopePoint"}},"Operator":9,"RightOperand":{"$type":"[SST:Expressions.Simple.ConstantValueExpression]"}}},{"$type":"[SST:Statements.ReturnStatement]","Expression":{"$type":"[SST:Expressions.Simple.ReferenceExpression]","Reference":{"$type":"[SST:References.VariableReference]","Identifier":"$0"}},"IsVoid":false}]}],"Events":[],"Delegates":[]}}