{"$type":"KaVE.Commons.Model.Events.CompletionEvents.Context, KaVE.Commons","TypeShape":{"$type":"KaVE.Commons.Model.TypeShapes.TypeShape, KaVE.Commons","TypeHierarchy":{"$type":"KaVE.Commons.Model.TypeShapes.TypeHierarchy, KaVE.Commons","Element":"0T:JetBrains.ReSharper.Plugins.AngularJS.Hacks.LiveTemplates.Scope.JsAllowedPrefixes, resharper-angularjs","Implements":[]},"NestedTypes":[],"Delegates":[],"EventHierarchies":[],"Fields":["0F:static [p:char[]] [JetBrains.ReSharper.Plugins.AngularJS.Hacks.LiveTemplates.Scope.JsAllowedPrefixes, resharper-angularjs].Chars"],"MethodHierarchies":[],"PropertyHierarchies":[]},"SST":{"$type":"[SST:SST]","EnclosingType":"0T:JetBrains.ReSharper.Plugins.AngularJS.Hacks.LiveTemplates.Scope.JsAllowedPrefixes, resharper-angularjs","Fields":[{"$type":"[SST:Declarations.FieldDeclaration]","Name":"0F:static [p:char[]] [JetBrains.ReSharper.Plugins.AngularJS.Hacks.LiveTemplates.Scope.JsAllowedPrefixes, resharper-angularjs].Chars"}],"Properties":[],"Methods":[{"$type":"[SST:Declarations.MethodDeclaration]","Name":"0M:static [p:void] [JetBrains.ReSharper.Plugins.AngularJS.Hacks.LiveTemplates.Scope.JsAllowedPrefixes, resharper-angularjs]..cinit()","IsEntryPoint":false,"Body":[{"$type":"[SST:Statements.Assignment]","Reference":{"$type":"[SST:References.FieldReference]","Reference":{"$type":"[SST:References.VariableReference]","Identifier":""},"FieldName":"0F:static [p:char[]] [JetBrains.ReSharper.Plugins.AngularJS.Hacks.LiveTemplates.Scope.JsAllowedPrefixes, resharper-angularjs].Chars"},"Expression":{"$type":"[SST:Expressions.Simple.UnknownExpression]"}}]}],"Events":[],"Delegates":[]}}