{"$type":"KaVE.Commons.Model.Events.CompletionEvents.Context, KaVE.Commons","TypeShape":{"$type":"KaVE.Commons.Model.TypeShapes.TypeShape, KaVE.Commons","TypeHierarchy":{"$type":"KaVE.Commons.Model.TypeShapes.TypeHierarchy, KaVE.Commons","Element":"0T:JetBrains.ReSharper.Plugins.AngularJS.Hacks.LiveTemplates.Scope.NonDefaultPrefixWrappingScopeProvider`1[[T]], resharper-angularjs","Implements":[{"$type":"KaVE.Commons.Model.TypeShapes.TypeHierarchy, KaVE.Commons","Element":"0T:?","Implements":[]}]},"NestedTypes":[],"Delegates":[],"EventHierarchies":[],"Fields":["0F:[T] [JetBrains.ReSharper.Plugins.AngularJS.Hacks.LiveTemplates.Scope.NonDefaultPrefixWrappingScopeProvider`1[[T]], resharper-angularjs].originalScopeProvider"],"MethodHierarchies":[{"$type":"KaVE.Commons.Model.TypeShapes.MethodHierarchy, KaVE.Commons","Element":"0M:[p:void] [JetBrains.ReSharper.Plugins.AngularJS.Hacks.LiveTemplates.Scope.NonDefaultPrefixWrappingScopeProvider`1[[T]], resharper-angularjs]..ctor([T] originalScopeProvider)"},{"$type":"KaVE.Commons.Model.TypeShapes.MethodHierarchy, KaVE.Commons","Element":"0M:[i:System.Collections.Generic.IEnumerable`1[[T -> ?]], mscorlib, 4.0.0.0] [JetBrains.ReSharper.Plugins.AngularJS.Hacks.LiveTemplates.Scope.NonDefaultPrefixWrappingScopeProvider`1[[T]], resharper-angularjs].ProvideScopePoints([?] context)"},{"$type":"KaVE.Commons.Model.TypeShapes.MethodHierarchy, KaVE.Commons","Element":"0M:[?] [JetBrains.ReSharper.Plugins.AngularJS.Hacks.LiveTemplates.Scope.NonDefaultPrefixWrappingScopeProvider`1[[T]], resharper-angularjs].ReadFromXml([System.Xml.XmlElement, System.Xml, 4.0.0.0] scopeElement)"},{"$type":"KaVE.Commons.Model.TypeShapes.MethodHierarchy, KaVE.Commons","Element":"0M:[?] [JetBrains.ReSharper.Plugins.AngularJS.Hacks.LiveTemplates.Scope.NonDefaultPrefixWrappingScopeProvider`1[[T]], resharper-angularjs].CreateScope([s:System.Guid, mscorlib, 4.0.0.0] scopeGuid, [p:string] typeName, [i:System.Collections.Generic.IEnumerable`1[[T -> ?]], mscorlib, 4.0.0.0] customProperties)"}],"PropertyHierarchies":[]},"SST":{"$type":"[SST:SST]","EnclosingType":"0T:JetBrains.ReSharper.Plugins.AngularJS.Hacks.LiveTemplates.Scope.NonDefaultPrefixWrappingScopeProvider`1[[T]], resharper-angularjs","Fields":[{"$type":"[SST:Declarations.FieldDeclaration]","Name":"0F:[T] [JetBrains.ReSharper.Plugins.AngularJS.Hacks.LiveTemplates.Scope.NonDefaultPrefixWrappingScopeProvider`1[[T]], resharper-angularjs].originalScopeProvider"}],"Properties":[],"Methods":[{"$type":"[SST:Declarations.MethodDeclaration]","Name":"0M:[p:void] [JetBrains.ReSharper.Plugins.AngularJS.Hacks.LiveTemplates.Scope.NonDefaultPrefixWrappingScopeProvider`1[[T]], resharper-angularjs]..ctor([T] originalScopeProvider)","IsEntryPoint":true,"Body":[{"$type":"[SST:Statements.Assignment]","Reference":{"$type":"[SST:References.FieldReference]","Reference":{"$type":"[SST:References.VariableReference]","Identifier":"this"},"FieldName":"0F:[T] [JetBrains.ReSharper.Plugins.AngularJS.Hacks.LiveTemplates.Scope.NonDefaultPrefixWrappingScopeProvider`1[[T]], resharper-angularjs].originalScopeProvider"},"Expression":{"$type":"[SST:Expressions.Simple.ReferenceExpression]","Reference":{"$type":"[SST:References.VariableReference]","Identifier":"originalScopeProvider"}}}]},{"$type":"[SST:Declarations.MethodDeclaration]","Name":"0M:[i:System.Collections.Generic.IEnumerable`1[[T -> ?]], mscorlib, 4.0.0.0] [JetBrains.ReSharper.Plugins.AngularJS.Hacks.LiveTemplates.Scope.NonDefaultPrefixWrappingScopeProvider`1[[T]], resharper-angularjs].ProvideScopePoints([?] context)","IsEntryPoint":true,"Body":[{"$type":"[SST:Statements.ReturnStatement]","Expression":{"$type":"[SST:Expressions.Simple.UnknownExpression]"},"IsVoid":false}]},{"$type":"[SST:Declarations.MethodDeclaration]","Name":"0M:[?] [JetBrains.ReSharper.Plugins.AngularJS.Hacks.LiveTemplates.Scope.NonDefaultPrefixWrappingScopeProvider`1[[T]], resharper-angularjs].ReadFromXml([System.Xml.XmlElement, System.Xml, 4.0.0.0] scopeElement)","IsEntryPoint":true,"Body":[{"$type":"[SST:Statements.ReturnStatement]","Expression":{"$type":"[SST:Expressions.Simple.ConstantValueExpression]","Value":"null"},"IsVoid":false}]},{"$type":"[SST:Declarations.MethodDeclaration]","Name":"0M:[?] [JetBrains.ReSharper.Plugins.AngularJS.Hacks.LiveTemplates.Scope.NonDefaultPrefixWrappingScopeProvider`1[[T]], resharper-angularjs].CreateScope([s:System.Guid, mscorlib, 4.0.0.0] scopeGuid, [p:string] typeName, [i:System.Collections.Generic.IEnumerable`1[[T -> ?]], mscorlib, 4.0.0.0] customProperties)","IsEntryPoint":true,"Body":[{"$type":"[SST:Statements.ReturnStatement]","Expression":{"$type":"[SST:Expressions.Simple.ConstantValueExpression]","Value":"null"},"IsVoid":false}]}],"Events":[],"Delegates":[]}}