{"$type":"KaVE.Commons.Model.Events.CompletionEvents.Context, KaVE.Commons","TypeShape":{"$type":"KaVE.Commons.Model.TypeShapes.TypeShape, KaVE.Commons","TypeHierarchy":{"$type":"KaVE.Commons.Model.TypeShapes.TypeHierarchy, KaVE.Commons","Element":"0T:JetBrains.ReSharper.Plugins.AngularJS.Hacks.LiveTemplates.Scope.ReplacingAllowedPrefixCharsScopePoint, resharper-angularjs","Extends":{"$type":"KaVE.Commons.Model.TypeShapes.TypeHierarchy, KaVE.Commons","Element":"0T:JetBrains.ReSharper.Plugins.AngularJS.Hacks.LiveTemplates.Scope.DelegatingScopePoint, resharper-angularjs","Implements":[{"$type":"KaVE.Commons.Model.TypeShapes.TypeHierarchy, KaVE.Commons","Element":"0T:?","Implements":[]}]},"Implements":[]},"NestedTypes":[],"Delegates":[],"EventHierarchies":[],"Fields":["0F:[p:char[]] [JetBrains.ReSharper.Plugins.AngularJS.Hacks.LiveTemplates.Scope.ReplacingAllowedPrefixCharsScopePoint, resharper-angularjs].allowedPrefixChars"],"MethodHierarchies":[{"$type":"KaVE.Commons.Model.TypeShapes.MethodHierarchy, KaVE.Commons","Element":"0M:[p:void] [JetBrains.ReSharper.Plugins.AngularJS.Hacks.LiveTemplates.Scope.ReplacingAllowedPrefixCharsScopePoint, resharper-angularjs]..ctor([?] innerScopePoint, [?] document, [p:int] caretOffset, [p:char[]] allowedPrefixChars)"},{"$type":"KaVE.Commons.Model.TypeShapes.MethodHierarchy, KaVE.Commons","Element":"0M:[p:string] [JetBrains.ReSharper.Plugins.AngularJS.Hacks.LiveTemplates.Scope.ReplacingAllowedPrefixCharsScopePoint, resharper-angularjs].CalcPrefix([?] document, [p:int] caretOffset)","Super":"0M:[p:string] [JetBrains.ReSharper.Plugins.AngularJS.Hacks.LiveTemplates.Scope.DelegatingScopePoint, resharper-angularjs].CalcPrefix([?] document, [p:int] caretOffset)"}],"PropertyHierarchies":[]},"SST":{"$type":"[SST:SST]","EnclosingType":"0T:JetBrains.ReSharper.Plugins.AngularJS.Hacks.LiveTemplates.Scope.ReplacingAllowedPrefixCharsScopePoint, resharper-angularjs","Fields":[{"$type":"[SST:Declarations.FieldDeclaration]","Name":"0F:[p:char[]] [JetBrains.ReSharper.Plugins.AngularJS.Hacks.LiveTemplates.Scope.ReplacingAllowedPrefixCharsScopePoint, resharper-angularjs].allowedPrefixChars"}],"Properties":[],"Methods":[{"$type":"[SST:Declarations.MethodDeclaration]","Name":"0M:[p:void] [JetBrains.ReSharper.Plugins.AngularJS.Hacks.LiveTemplates.Scope.ReplacingAllowedPrefixCharsScopePoint, resharper-angularjs]..ctor([?] innerScopePoint, [?] document, [p:int] caretOffset, [p:char[]] allowedPrefixChars)","IsEntryPoint":true,"Body":[{"$type":"[SST:Statements.ExpressionStatement]","Expression":{"$type":"[SST:Expressions.Assignable.InvocationExpression]","Reference":{"$type":"[SST:References.VariableReference]","Identifier":"base"},"MethodName":"0M:[p:void] [JetBrains.ReSharper.Plugins.AngularJS.Hacks.LiveTemplates.Scope.DelegatingScopePoint, resharper-angularjs]..ctor([?] innerScopePoint)","Parameters":[{"$type":"[SST:Expressions.Simple.ReferenceExpression]","Reference":{"$type":"[SST:References.VariableReference]","Identifier":"innerScopePoint"}}]}},{"$type":"[SST:Statements.Assignment]","Reference":{"$type":"[SST:References.FieldReference]","Reference":{"$type":"[SST:References.VariableReference]","Identifier":"this"},"FieldName":"0F:[p:char[]] [JetBrains.ReSharper.Plugins.AngularJS.Hacks.LiveTemplates.Scope.ReplacingAllowedPrefixCharsScopePoint, resharper-angularjs].allowedPrefixChars"},"Expression":{"$type":"[SST:Expressions.Simple.ReferenceExpression]","Reference":{"$type":"[SST:References.VariableReference]","Identifier":"allowedPrefixChars"}}},{"$type":"[SST:Statements.Assignment]","Reference":{"$type":"[SST:References.PropertyReference]","Reference":{"$type":"[SST:References.VariableReference]","Identifier":"this"},"PropertyName":"0P:set get [p:string] [JetBrains.ReSharper.Plugins.AngularJS.Hacks.LiveTemplates.Scope.DelegatingScopePoint, resharper-angularjs].Prefix()"},"Expression":{"$type":"[SST:Expressions.Assignable.InvocationExpression]","Reference":{"$type":"[SST:References.VariableReference]","Identifier":"this"},"MethodName":"0M:[p:string] [JetBrains.ReSharper.Plugins.AngularJS.Hacks.LiveTemplates.Scope.ReplacingAllowedPrefixCharsScopePoint, resharper-angularjs].CalcPrefix([?] document, [p:int] caretOffset)","Parameters":[{"$type":"[SST:Expressions.Simple.ReferenceExpression]","Reference":{"$type":"[SST:References.VariableReference]","Identifier":"document"}},{"$type":"[SST:Expressions.Simple.ReferenceExpression]","Reference":{"$type":"[SST:References.VariableReference]","Identifier":"caretOffset"}}]}}]},{"$type":"[SST:Declarations.MethodDeclaration]","Name":"0M:[p:string] [JetBrains.ReSharper.Plugins.AngularJS.Hacks.LiveTemplates.Scope.ReplacingAllowedPrefixCharsScopePoint, resharper-angularjs].CalcPrefix([?] document, [p:int] caretOffset)","IsEntryPoint":true,"Body":[{"$type":"[SST:Statements.VariableDeclaration]","Reference":{"$type":"[SST:References.VariableReference]","Identifier":"$0"},"Type":"0T:?"},{"$type":"[SST:Statements.Assignment]","Reference":{"$type":"[SST:References.VariableReference]","Identifier":"$0"},"Expression":{"$type":"[SST:Expressions.Assignable.BinaryExpression]","LeftOperand":{"$type":"[SST:Expressions.Simple.ReferenceExpression]","Reference":{"$type":"[SST:References.VariableReference]","Identifier":"document"}},"Operator":3,"RightOperand":{"$type":"[SST:Expressions.Simple.ConstantValueExpression]","Value":"null"}}},{"$type":"[SST:Statements.VariableDeclaration]","Reference":{"$type":"[SST:References.VariableReference]","Identifier":"$1"},"Type":"0T:?"},{"$type":"[SST:Statements.Assignment]","Reference":{"$type":"[SST:References.VariableReference]","Identifier":"$1"},"Expression":{"$type":"[SST:Expressions.Assignable.InvocationExpression]","Reference":{"$type":"[SST:References.VariableReference]","Identifier":""},"MethodName":"0M:[?] [?].???()","Parameters":[{"$type":"[SST:Expressions.Simple.ReferenceExpression]","Reference":{"$type":"[SST:References.VariableReference]","Identifier":"document"}},{"$type":"[SST:Expressions.Simple.ReferenceExpression]","Reference":{"$type":"[SST:References.VariableReference]","Identifier":"caretOffset"}},{"$type":"[SST:Expressions.Simple.ReferenceExpression]","Reference":{"$type":"[SST:References.FieldReference]","Reference":{"$type":"[SST:References.VariableReference]","Identifier":"this"},"FieldName":"0F:[p:char[]] [JetBrains.ReSharper.Plugins.AngularJS.Hacks.LiveTemplates.Scope.ReplacingAllowedPrefixCharsScopePoint, resharper-angularjs].allowedPrefixChars"}}]}},{"$type":"[SST:Statements.VariableDeclaration]","Reference":{"$type":"[SST:References.VariableReference]","Identifier":"$2"},"Type":"0T:p:string"},{"$type":"[SST:Statements.Assignment]","Reference":{"$type":"[SST:References.VariableReference]","Identifier":"$2"},"Expression":{"$type":"[SST:Expressions.Assignable.IfElseExpression]","Condition":{"$type":"[SST:Expressions.Simple.ReferenceExpression]","Reference":{"$type":"[SST:References.VariableReference]","Identifier":"$0"}},"ThenExpression":{"$type":"[SST:Expressions.Simple.ReferenceExpression]","Reference":{"$type":"[SST:References.FieldReference]","Reference":{"$type":"[SST:References.VariableReference]","Identifier":""},"FieldName":"0F:static [p:string] [p:string].Empty"}},"ElseExpression":{"$type":"[SST:Expressions.Simple.ReferenceExpression]","Reference":{"$type":"[SST:References.VariableReference]","Identifier":"$1"}}}},{"$type":"[SST:Statements.ReturnStatement]","Expression":{"$type":"[SST:Expressions.Simple.ReferenceExpression]","Reference":{"$type":"[SST:References.VariableReference]","Identifier":"$2"}},"IsVoid":false}]}],"Events":[],"Delegates":[]}}