{"$type":"KaVE.Commons.Model.Events.CompletionEvents.Context, KaVE.Commons","TypeShape":{"$type":"KaVE.Commons.Model.TypeShapes.TypeShape, KaVE.Commons","TypeHierarchy":{"$type":"KaVE.Commons.Model.TypeShapes.TypeHierarchy, KaVE.Commons","Element":"0T:JetBrains.ReSharper.Plugins.AngularJS.Hacks.LiveTemplates.Scope.TypeScriptFilePrefixScopeProvider, resharper-angularjs","Implements":[{"$type":"KaVE.Commons.Model.TypeShapes.TypeHierarchy, KaVE.Commons","Element":"0T:?","Implements":[]}]},"NestedTypes":[],"Delegates":[],"EventHierarchies":[],"Fields":[],"MethodHierarchies":[{"$type":"KaVE.Commons.Model.TypeShapes.MethodHierarchy, KaVE.Commons","Element":"0M:[p:void] [JetBrains.ReSharper.Plugins.AngularJS.Hacks.LiveTemplates.Scope.TypeScriptFilePrefixScopeProvider, resharper-angularjs]..ctor([?] typeScriptScopeProvider)"}],"PropertyHierarchies":[]},"SST":{"$type":"[SST:SST]","EnclosingType":"0T:JetBrains.ReSharper.Plugins.AngularJS.Hacks.LiveTemplates.Scope.TypeScriptFilePrefixScopeProvider, resharper-angularjs","Fields":[],"Properties":[],"Methods":[{"$type":"[SST:Declarations.MethodDeclaration]","Name":"0M:[p:void] [JetBrains.ReSharper.Plugins.AngularJS.Hacks.LiveTemplates.Scope.TypeScriptFilePrefixScopeProvider, resharper-angularjs]..ctor([?] typeScriptScopeProvider)","IsEntryPoint":true,"Body":[{"$type":"[SST:Statements.ExpressionStatement]","Expression":{"$type":"[SST:Expressions.Assignable.InvocationExpression]","Reference":{"$type":"[SST:References.VariableReference]","Identifier":"base"},"MethodName":"0M:[p:void] [JetBrains.ReSharper.Plugins.AngularJS.Hacks.LiveTemplates.Scope.NonDefaultPrefixWrappingScopeProvider`1[[T]], resharper-angularjs]..ctor([T] originalScopeProvider)","Parameters":[{"$type":"[SST:Expressions.Simple.ReferenceExpression]","Reference":{"$type":"[SST:References.VariableReference]","Identifier":"typeScriptScopeProvider"}}]}}]}],"Events":[],"Delegates":[]}}