{"$type":"KaVE.Commons.Model.Events.CompletionEvents.Context, KaVE.Commons","TypeShape":{"$type":"KaVE.Commons.Model.TypeShapes.TypeShape, KaVE.Commons","TypeHierarchy":{"$type":"KaVE.Commons.Model.TypeShapes.TypeHierarchy, KaVE.Commons","Element":"0T:JetBrains.ReSharper.Plugins.AngularJS.Psi.Html.AngularJsDeclaredElementIconProvider, resharper-angularjs","Implements":[{"$type":"KaVE.Commons.Model.TypeShapes.TypeHierarchy, KaVE.Commons","Element":"0T:?","Implements":[]}]},"NestedTypes":[],"Delegates":[],"EventHierarchies":[],"Fields":[],"MethodHierarchies":[{"$type":"KaVE.Commons.Model.TypeShapes.MethodHierarchy, KaVE.Commons","Element":"0M:[?] [JetBrains.ReSharper.Plugins.AngularJS.Psi.Html.AngularJsDeclaredElementIconProvider, resharper-angularjs].GetImageId([?] declaredElement, [?] languageType, out [p:bool] canApplyExtensions)"}],"PropertyHierarchies":[]},"SST":{"$type":"[SST:SST]","EnclosingType":"0T:JetBrains.ReSharper.Plugins.AngularJS.Psi.Html.AngularJsDeclaredElementIconProvider, resharper-angularjs","Fields":[],"Properties":[],"Methods":[{"$type":"[SST:Declarations.MethodDeclaration]","Name":"0M:[?] [JetBrains.ReSharper.Plugins.AngularJS.Psi.Html.AngularJsDeclaredElementIconProvider, resharper-angularjs].GetImageId([?] declaredElement, [?] languageType, out [p:bool] canApplyExtensions)","IsEntryPoint":true,"Body":[{"$type":"[SST:Statements.Assignment]","Reference":{"$type":"[SST:References.VariableReference]","Identifier":"canApplyExtensions"},"Expression":{"$type":"[SST:Expressions.Simple.ConstantValueExpression]","Value":"false"}},{"$type":"[SST:Statements.VariableDeclaration]","Reference":{"$type":"[SST:References.VariableReference]","Identifier":"$0"},"Type":"0T:p:bool"},{"$type":"[SST:Statements.Assignment]","Reference":{"$type":"[SST:References.VariableReference]","Identifier":"$0"},"Expression":{"$type":"[SST:Expressions.Assignable.TypeCheckExpression]","Reference":{"$type":"[SST:References.VariableReference]","Identifier":"declaredElement"},"Type":"0T:i:JetBrains.ReSharper.Plugins.AngularJS.Psi.Html.IAngularJsDeclaredElement, resharper-angularjs"}},{"$type":"[SST:Blocks.IfElseBlock]","Condition":{"$type":"[SST:Expressions.Simple.ReferenceExpression]","Reference":{"$type":"[SST:References.VariableReference]","Identifier":"$0"}},"Then":[{"$type":"[SST:Statements.ReturnStatement]","Expression":{"$type":"[SST:Expressions.Simple.ReferenceExpression]","Reference":{"$type":"[SST:References.FieldReference]","Reference":{"$type":"[SST:References.VariableReference]","Identifier":""},"FieldName":"0F:static [?] [JetBrains.ReSharper.Plugins.AngularJS.Resources.LogoThemedIcons+Angularjs, resharper-angularjs].Id"}},"IsVoid":false}],"Else":[]},{"$type":"[SST:Statements.ReturnStatement]","Expression":{"$type":"[SST:Expressions.Simple.ConstantValueExpression]","Value":"null"},"IsVoid":false}]}],"Events":[],"Delegates":[]}}