{"$type":"KaVE.Commons.Model.Events.CompletionEvents.Context, KaVE.Commons","TypeShape":{"$type":"KaVE.Commons.Model.TypeShapes.TypeShape, KaVE.Commons","TypeHierarchy":{"$type":"KaVE.Commons.Model.TypeShapes.TypeHierarchy, KaVE.Commons","Element":"0T:JetBrains.ReSharper.Plugins.AngularJS.Psi.Html.AngularJsHtmlAttributeDeclaredElement, resharper-angularjs","Implements":[{"$type":"KaVE.Commons.Model.TypeShapes.TypeHierarchy, KaVE.Commons","Element":"0T:?","Implements":[]},{"$type":"KaVE.Commons.Model.TypeShapes.TypeHierarchy, KaVE.Commons","Element":"0T:i:JetBrains.ReSharper.Plugins.AngularJS.Psi.Html.IAngularJsDeclaredElement, resharper-angularjs","Implements":[]}]},"NestedTypes":[],"Delegates":[],"EventHierarchies":[],"Fields":["0F:[?] [JetBrains.ReSharper.Plugins.AngularJS.Psi.Html.AngularJsHtmlAttributeDeclaredElement, resharper-angularjs].psiServices"],"MethodHierarchies":[{"$type":"KaVE.Commons.Model.TypeShapes.MethodHierarchy, KaVE.Commons","Element":"0M:[p:void] [JetBrains.ReSharper.Plugins.AngularJS.Psi.Html.AngularJsHtmlAttributeDeclaredElement, resharper-angularjs]..ctor([?] psiServices, [p:string] shortName, [?] type, [?] tag)"},{"$type":"KaVE.Commons.Model.TypeShapes.MethodHierarchy, KaVE.Commons","Element":"0M:[?] [JetBrains.ReSharper.Plugins.AngularJS.Psi.Html.AngularJsHtmlAttributeDeclaredElement, resharper-angularjs].GetPsiServices()"},{"$type":"KaVE.Commons.Model.TypeShapes.MethodHierarchy, KaVE.Commons","Element":"0M:[i:System.Collections.Generic.IList`1[[T -> ?]], mscorlib, 4.0.0.0] [JetBrains.ReSharper.Plugins.AngularJS.Psi.Html.AngularJsHtmlAttributeDeclaredElement, resharper-angularjs].GetDeclarations()"},{"$type":"KaVE.Commons.Model.TypeShapes.MethodHierarchy, KaVE.Commons","Element":"0M:[i:System.Collections.Generic.IList`1[[T -> ?]], mscorlib, 4.0.0.0] [JetBrains.ReSharper.Plugins.AngularJS.Psi.Html.AngularJsHtmlAttributeDeclaredElement, resharper-angularjs].GetDeclarationsIn([?] sourceFile)"},{"$type":"KaVE.Commons.Model.TypeShapes.MethodHierarchy, KaVE.Commons","Element":"0M:[?] [JetBrains.ReSharper.Plugins.AngularJS.Psi.Html.AngularJsHtmlAttributeDeclaredElement, resharper-angularjs].GetElementType()"},{"$type":"KaVE.Commons.Model.TypeShapes.MethodHierarchy, KaVE.Commons","Element":"0M:[System.Xml.XmlNode, System.Xml, 4.0.0.0] [JetBrains.ReSharper.Plugins.AngularJS.Psi.Html.AngularJsHtmlAttributeDeclaredElement, resharper-angularjs].GetXMLDoc([p:bool] inherit)"},{"$type":"KaVE.Commons.Model.TypeShapes.MethodHierarchy, KaVE.Commons","Element":"0M:[System.Xml.XmlNode, System.Xml, 4.0.0.0] [JetBrains.ReSharper.Plugins.AngularJS.Psi.Html.AngularJsHtmlAttributeDeclaredElement, resharper-angularjs].GetXMLDescriptionSummary([p:bool] inherit)"},{"$type":"KaVE.Commons.Model.TypeShapes.MethodHierarchy, KaVE.Commons","Element":"0M:[p:bool] [JetBrains.ReSharper.Plugins.AngularJS.Psi.Html.AngularJsHtmlAttributeDeclaredElement, resharper-angularjs].IsValid()"},{"$type":"KaVE.Commons.Model.TypeShapes.MethodHierarchy, KaVE.Commons","Element":"0M:[p:bool] [JetBrains.ReSharper.Plugins.AngularJS.Psi.Html.AngularJsHtmlAttributeDeclaredElement, resharper-angularjs].IsSynthetic()"},{"$type":"KaVE.Commons.Model.TypeShapes.MethodHierarchy, KaVE.Commons","Element":"0M:[?] [JetBrains.ReSharper.Plugins.AngularJS.Psi.Html.AngularJsHtmlAttributeDeclaredElement, resharper-angularjs].GetSourceFiles()"},{"$type":"KaVE.Commons.Model.TypeShapes.MethodHierarchy, KaVE.Commons","Element":"0M:[p:bool] [JetBrains.ReSharper.Plugins.AngularJS.Psi.Html.AngularJsHtmlAttributeDeclaredElement, resharper-angularjs].HasDeclarationsIn([?] sourceFile)"},{"$type":"KaVE.Commons.Model.TypeShapes.MethodHierarchy, KaVE.Commons","Element":"0M:[p:bool] [JetBrains.ReSharper.Plugins.AngularJS.Psi.Html.AngularJsHtmlAttributeDeclaredElement, resharper-angularjs].Equals([p:object] obj)","Super":"0M:[p:bool] [p:object].Equals([p:object] obj)"},{"$type":"KaVE.Commons.Model.TypeShapes.MethodHierarchy, KaVE.Commons","Element":"0M:[p:int] [JetBrains.ReSharper.Plugins.AngularJS.Psi.Html.AngularJsHtmlAttributeDeclaredElement, resharper-angularjs].GetHashCode()","Super":"0M:[p:int] [p:object].GetHashCode()"}],"PropertyHierarchies":[{"$type":"KaVE.Commons.Model.TypeShapes.PropertyHierarchy, KaVE.Commons","Element":"0P:set get [p:string] [JetBrains.ReSharper.Plugins.AngularJS.Psi.Html.AngularJsHtmlAttributeDeclaredElement, resharper-angularjs].ShortName()"},{"$type":"KaVE.Commons.Model.TypeShapes.PropertyHierarchy, KaVE.Commons","Element":"0P:get [p:bool] [JetBrains.ReSharper.Plugins.AngularJS.Psi.Html.AngularJsHtmlAttributeDeclaredElement, resharper-angularjs].CaseSensistiveName()"},{"$type":"KaVE.Commons.Model.TypeShapes.PropertyHierarchy, KaVE.Commons","Element":"0P:get [?] [JetBrains.ReSharper.Plugins.AngularJS.Psi.Html.AngularJsHtmlAttributeDeclaredElement, resharper-angularjs].PresentationLanguage()"},{"$type":"KaVE.Commons.Model.TypeShapes.PropertyHierarchy, KaVE.Commons","Element":"0P:get [s:System.Nullable`1[[T -> ?]], mscorlib, 4.0.0.0] [JetBrains.ReSharper.Plugins.AngularJS.Psi.Html.AngularJsHtmlAttributeDeclaredElement, resharper-angularjs].SupportedVersion()"},{"$type":"KaVE.Commons.Model.TypeShapes.PropertyHierarchy, KaVE.Commons","Element":"0P:get [p:bool] [JetBrains.ReSharper.Plugins.AngularJS.Psi.Html.AngularJsHtmlAttributeDeclaredElement, resharper-angularjs].Obsolete()"},{"$type":"KaVE.Commons.Model.TypeShapes.PropertyHierarchy, KaVE.Commons","Element":"0P:get [p:bool] [JetBrains.ReSharper.Plugins.AngularJS.Psi.Html.AngularJsHtmlAttributeDeclaredElement, resharper-angularjs].NonStandard()"},{"$type":"KaVE.Commons.Model.TypeShapes.PropertyHierarchy, KaVE.Commons","Element":"0P:get [p:bool] [JetBrains.ReSharper.Plugins.AngularJS.Psi.Html.AngularJsHtmlAttributeDeclaredElement, resharper-angularjs].RequiresValue()"},{"$type":"KaVE.Commons.Model.TypeShapes.PropertyHierarchy, KaVE.Commons","Element":"0P:set get [?] [JetBrains.ReSharper.Plugins.AngularJS.Psi.Html.AngularJsHtmlAttributeDeclaredElement, resharper-angularjs].ValueType()"},{"$type":"KaVE.Commons.Model.TypeShapes.PropertyHierarchy, KaVE.Commons","Element":"0P:set get [?] [JetBrains.ReSharper.Plugins.AngularJS.Psi.Html.AngularJsHtmlAttributeDeclaredElement, resharper-angularjs].Tag()"},{"$type":"KaVE.Commons.Model.TypeShapes.PropertyHierarchy, KaVE.Commons","Element":"0P:get [p:string] [JetBrains.ReSharper.Plugins.AngularJS.Psi.Html.AngularJsHtmlAttributeDeclaredElement, resharper-angularjs].DomName()"}]},"SST":{"$type":"[SST:SST]","EnclosingType":"0T:JetBrains.ReSharper.Plugins.AngularJS.Psi.Html.AngularJsHtmlAttributeDeclaredElement, resharper-angularjs","Fields":[{"$type":"[SST:Declarations.FieldDeclaration]","Name":"0F:[?] [JetBrains.ReSharper.Plugins.AngularJS.Psi.Html.AngularJsHtmlAttributeDeclaredElement, resharper-angularjs].psiServices"}],"Properties":[{"$type":"[SST:Declarations.PropertyDeclaration]","Name":"0P:set get [p:string] [JetBrains.ReSharper.Plugins.AngularJS.Psi.Html.AngularJsHtmlAttributeDeclaredElement, resharper-angularjs].ShortName()","Get":[],"Set":[]},{"$type":"[SST:Declarations.PropertyDeclaration]","Name":"0P:get [p:bool] [JetBrains.ReSharper.Plugins.AngularJS.Psi.Html.AngularJsHtmlAttributeDeclaredElement, resharper-angularjs].CaseSensistiveName()","Get":[{"$type":"[SST:Statements.ReturnStatement]","Expression":{"$type":"[SST:Expressions.Simple.ConstantValueExpression]","Value":"false"},"IsVoid":false}],"Set":[]},{"$type":"[SST:Declarations.PropertyDeclaration]","Name":"0P:get [?] [JetBrains.ReSharper.Plugins.AngularJS.Psi.Html.AngularJsHtmlAttributeDeclaredElement, resharper-angularjs].PresentationLanguage()","Get":[{"$type":"[SST:Statements.ReturnStatement]","Expression":{"$type":"[SST:Expressions.Simple.ReferenceExpression]","Reference":{"$type":"[SST:References.UnknownReference]"}},"IsVoid":false}],"Set":[]},{"$type":"[SST:Declarations.PropertyDeclaration]","Name":"0P:get [s:System.Nullable`1[[T -> ?]], mscorlib, 4.0.0.0] [JetBrains.ReSharper.Plugins.AngularJS.Psi.Html.AngularJsHtmlAttributeDeclaredElement, resharper-angularjs].SupportedVersion()","Get":[{"$type":"[SST:Statements.ReturnStatement]","Expression":{"$type":"[SST:Expressions.Simple.ConstantValueExpression]","Value":"null"},"IsVoid":false}],"Set":[]},{"$type":"[SST:Declarations.PropertyDeclaration]","Name":"0P:get [p:bool] [JetBrains.ReSharper.Plugins.AngularJS.Psi.Html.AngularJsHtmlAttributeDeclaredElement, resharper-angularjs].Obsolete()","Get":[{"$type":"[SST:Statements.ReturnStatement]","Expression":{"$type":"[SST:Expressions.Simple.ConstantValueExpression]","Value":"false"},"IsVoid":false}],"Set":[]},{"$type":"[SST:Declarations.PropertyDeclaration]","Name":"0P:get [p:bool] [JetBrains.ReSharper.Plugins.AngularJS.Psi.Html.AngularJsHtmlAttributeDeclaredElement, resharper-angularjs].NonStandard()","Get":[{"$type":"[SST:Statements.ReturnStatement]","Expression":{"$type":"[SST:Expressions.Simple.ConstantValueExpression]","Value":"false"},"IsVoid":false}],"Set":[]},{"$type":"[SST:Declarations.PropertyDeclaration]","Name":"0P:get [p:bool] [JetBrains.ReSharper.Plugins.AngularJS.Psi.Html.AngularJsHtmlAttributeDeclaredElement, resharper-angularjs].RequiresValue()","Get":[{"$type":"[SST:Statements.ReturnStatement]","Expression":{"$type":"[SST:Expressions.Simple.ConstantValueExpression]","Value":"true"},"IsVoid":false}],"Set":[]},{"$type":"[SST:Declarations.PropertyDeclaration]","Name":"0P:set get [?] [JetBrains.ReSharper.Plugins.AngularJS.Psi.Html.AngularJsHtmlAttributeDeclaredElement, resharper-angularjs].ValueType()","Get":[],"Set":[]},{"$type":"[SST:Declarations.PropertyDeclaration]","Name":"0P:set get [?] [JetBrains.ReSharper.Plugins.AngularJS.Psi.Html.AngularJsHtmlAttributeDeclaredElement, resharper-angularjs].Tag()","Get":[],"Set":[]},{"$type":"[SST:Declarations.PropertyDeclaration]","Name":"0P:get [p:string] [JetBrains.ReSharper.Plugins.AngularJS.Psi.Html.AngularJsHtmlAttributeDeclaredElement, resharper-angularjs].DomName()","Get":[{"$type":"[SST:Statements.ReturnStatement]","Expression":{"$type":"[SST:Expressions.Simple.ConstantValueExpression]","Value":"null"},"IsVoid":false}],"Set":[]}],"Methods":[{"$type":"[SST:Declarations.MethodDeclaration]","Name":"0M:[p:void] [JetBrains.ReSharper.Plugins.AngularJS.Psi.Html.AngularJsHtmlAttributeDeclaredElement, resharper-angularjs]..ctor([?] psiServices, [p:string] shortName, [?] type, [?] tag)","IsEntryPoint":true,"Body":[{"$type":"[SST:Statements.Assignment]","Reference":{"$type":"[SST:References.PropertyReference]","Reference":{"$type":"[SST:References.VariableReference]","Identifier":"this"},"PropertyName":"0P:set get [p:string] [JetBrains.ReSharper.Plugins.AngularJS.Psi.Html.AngularJsHtmlAttributeDeclaredElement, resharper-angularjs].ShortName()"},"Expression":{"$type":"[SST:Expressions.Simple.ReferenceExpression]","Reference":{"$type":"[SST:References.VariableReference]","Identifier":"shortName"}}},{"$type":"[SST:Statements.Assignment]","Reference":{"$type":"[SST:References.PropertyReference]","Reference":{"$type":"[SST:References.VariableReference]","Identifier":"this"},"PropertyName":"0P:set get [?] [JetBrains.ReSharper.Plugins.AngularJS.Psi.Html.AngularJsHtmlAttributeDeclaredElement, resharper-angularjs].ValueType()"},"Expression":{"$type":"[SST:Expressions.Simple.ReferenceExpression]","Reference":{"$type":"[SST:References.VariableReference]","Identifier":"type"}}},{"$type":"[SST:Statements.Assignment]","Reference":{"$type":"[SST:References.PropertyReference]","Reference":{"$type":"[SST:References.VariableReference]","Identifier":"this"},"PropertyName":"0P:set get [?] [JetBrains.ReSharper.Plugins.AngularJS.Psi.Html.AngularJsHtmlAttributeDeclaredElement, resharper-angularjs].Tag()"},"Expression":{"$type":"[SST:Expressions.Simple.ReferenceExpression]","Reference":{"$type":"[SST:References.VariableReference]","Identifier":"tag"}}},{"$type":"[SST:Statements.Assignment]","Reference":{"$type":"[SST:References.FieldReference]","Reference":{"$type":"[SST:References.VariableReference]","Identifier":"this"},"FieldName":"0F:[?] [JetBrains.ReSharper.Plugins.AngularJS.Psi.Html.AngularJsHtmlAttributeDeclaredElement, resharper-angularjs].psiServices"},"Expression":{"$type":"[SST:Expressions.Simple.ReferenceExpression]","Reference":{"$type":"[SST:References.VariableReference]","Identifier":"psiServices"}}}]},{"$type":"[SST:Declarations.MethodDeclaration]","Name":"0M:[?] [JetBrains.ReSharper.Plugins.AngularJS.Psi.Html.AngularJsHtmlAttributeDeclaredElement, resharper-angularjs].GetPsiServices()","IsEntryPoint":true,"Body":[{"$type":"[SST:Statements.ReturnStatement]","Expression":{"$type":"[SST:Expressions.Simple.ReferenceExpression]","Reference":{"$type":"[SST:References.FieldReference]","Reference":{"$type":"[SST:References.VariableReference]","Identifier":"this"},"FieldName":"0F:[?] [JetBrains.ReSharper.Plugins.AngularJS.Psi.Html.AngularJsHtmlAttributeDeclaredElement, resharper-angularjs].psiServices"}},"IsVoid":false}]},{"$type":"[SST:Declarations.MethodDeclaration]","Name":"0M:[i:System.Collections.Generic.IList`1[[T -> ?]], mscorlib, 4.0.0.0] [JetBrains.ReSharper.Plugins.AngularJS.Psi.Html.AngularJsHtmlAttributeDeclaredElement, resharper-angularjs].GetDeclarations()","IsEntryPoint":true,"Body":[{"$type":"[SST:Statements.ReturnStatement]","Expression":{"$type":"[SST:Expressions.Simple.ReferenceExpression]","Reference":{"$type":"[SST:References.UnknownReference]"}},"IsVoid":false}]},{"$type":"[SST:Declarations.MethodDeclaration]","Name":"0M:[i:System.Collections.Generic.IList`1[[T -> ?]], mscorlib, 4.0.0.0] [JetBrains.ReSharper.Plugins.AngularJS.Psi.Html.AngularJsHtmlAttributeDeclaredElement, resharper-angularjs].GetDeclarationsIn([?] sourceFile)","IsEntryPoint":true,"Body":[{"$type":"[SST:Statements.ReturnStatement]","Expression":{"$type":"[SST:Expressions.Simple.ReferenceExpression]","Reference":{"$type":"[SST:References.UnknownReference]"}},"IsVoid":false}]},{"$type":"[SST:Declarations.MethodDeclaration]","Name":"0M:[?] [JetBrains.ReSharper.Plugins.AngularJS.Psi.Html.AngularJsHtmlAttributeDeclaredElement, resharper-angularjs].GetElementType()","IsEntryPoint":true,"Body":[{"$type":"[SST:Statements.ReturnStatement]","Expression":{"$type":"[SST:Expressions.Simple.ReferenceExpression]","Reference":{"$type":"[SST:References.UnknownReference]"}},"IsVoid":false}]},{"$type":"[SST:Declarations.MethodDeclaration]","Name":"0M:[System.Xml.XmlNode, System.Xml, 4.0.0.0] [JetBrains.ReSharper.Plugins.AngularJS.Psi.Html.AngularJsHtmlAttributeDeclaredElement, resharper-angularjs].GetXMLDoc([p:bool] inherit)","IsEntryPoint":true,"Body":[{"$type":"[SST:Statements.ReturnStatement]","Expression":{"$type":"[SST:Expressions.Simple.ConstantValueExpression]","Value":"null"},"IsVoid":false}]},{"$type":"[SST:Declarations.MethodDeclaration]","Name":"0M:[System.Xml.XmlNode, System.Xml, 4.0.0.0] [JetBrains.ReSharper.Plugins.AngularJS.Psi.Html.AngularJsHtmlAttributeDeclaredElement, resharper-angularjs].GetXMLDescriptionSummary([p:bool] inherit)","IsEntryPoint":true,"Body":[{"$type":"[SST:Statements.ReturnStatement]","Expression":{"$type":"[SST:Expressions.Simple.ConstantValueExpression]","Value":"null"},"IsVoid":false}]},{"$type":"[SST:Declarations.MethodDeclaration]","Name":"0M:[p:bool] [JetBrains.ReSharper.Plugins.AngularJS.Psi.Html.AngularJsHtmlAttributeDeclaredElement, resharper-angularjs].IsValid()","IsEntryPoint":true,"Body":[{"$type":"[SST:Statements.ReturnStatement]","Expression":{"$type":"[SST:Expressions.Simple.ConstantValueExpression]","Value":"true"},"IsVoid":false}]},{"$type":"[SST:Declarations.MethodDeclaration]","Name":"0M:[p:bool] [JetBrains.ReSharper.Plugins.AngularJS.Psi.Html.AngularJsHtmlAttributeDeclaredElement, resharper-angularjs].IsSynthetic()","IsEntryPoint":true,"Body":[{"$type":"[SST:Statements.ReturnStatement]","Expression":{"$type":"[SST:Expressions.Simple.ConstantValueExpression]","Value":"false"},"IsVoid":false}]},{"$type":"[SST:Declarations.MethodDeclaration]","Name":"0M:[?] [JetBrains.ReSharper.Plugins.AngularJS.Psi.Html.AngularJsHtmlAttributeDeclaredElement, resharper-angularjs].GetSourceFiles()","IsEntryPoint":true,"Body":[{"$type":"[SST:Statements.ReturnStatement]","Expression":{"$type":"[SST:Expressions.Simple.ReferenceExpression]","Reference":{"$type":"[SST:References.UnknownReference]"}},"IsVoid":false}]},{"$type":"[SST:Declarations.MethodDeclaration]","Name":"0M:[p:bool] [JetBrains.ReSharper.Plugins.AngularJS.Psi.Html.AngularJsHtmlAttributeDeclaredElement, resharper-angularjs].HasDeclarationsIn([?] sourceFile)","IsEntryPoint":true,"Body":[{"$type":"[SST:Statements.ReturnStatement]","Expression":{"$type":"[SST:Expressions.Simple.ConstantValueExpression]","Value":"false"},"IsVoid":false}]},{"$type":"[SST:Declarations.MethodDeclaration]","Name":"0M:[p:bool] [JetBrains.ReSharper.Plugins.AngularJS.Psi.Html.AngularJsHtmlAttributeDeclaredElement, resharper-angularjs].Equals([p:object] obj)","IsEntryPoint":true,"Body":[{"$type":"[SST:Statements.VariableDeclaration]","Reference":{"$type":"[SST:References.VariableReference]","Identifier":"$0"},"Type":"0T:p:bool"},{"$type":"[SST:Statements.Assignment]","Reference":{"$type":"[SST:References.VariableReference]","Identifier":"$0"},"Expression":{"$type":"[SST:Expressions.Assignable.InvocationExpression]","Reference":{"$type":"[SST:References.VariableReference]","Identifier":""},"MethodName":"0M:static [p:bool] [p:object].ReferenceEquals([p:object] objA, [p:object] objB)","Parameters":[{"$type":"[SST:Expressions.Simple.ReferenceExpression]","Reference":{"$type":"[SST:References.VariableReference]","Identifier":"this"}},{"$type":"[SST:Expressions.Simple.ReferenceExpression]","Reference":{"$type":"[SST:References.VariableReference]","Identifier":"obj"}}]}},{"$type":"[SST:Blocks.IfElseBlock]","Condition":{"$type":"[SST:Expressions.Simple.ReferenceExpression]","Reference":{"$type":"[SST:References.VariableReference]","Identifier":"$0"}},"Then":[{"$type":"[SST:Statements.ReturnStatement]","Expression":{"$type":"[SST:Expressions.Simple.ConstantValueExpression]","Value":"true"},"IsVoid":false}],"Else":[]},{"$type":"[SST:Statements.VariableDeclaration]","Reference":{"$type":"[SST:References.VariableReference]","Identifier":"attribute"},"Type":"0T:JetBrains.ReSharper.Plugins.AngularJS.Psi.Html.AngularJsHtmlAttributeDeclaredElement, resharper-angularjs"},{"$type":"[SST:Statements.Assignment]","Reference":{"$type":"[SST:References.VariableReference]","Identifier":"attribute"},"Expression":{"$type":"[SST:Expressions.Assignable.CastExpression]","TargetType":"0T:JetBrains.ReSharper.Plugins.AngularJS.Psi.Html.AngularJsHtmlAttributeDeclaredElement, resharper-angularjs","Operator":0,"Reference":{"$type":"[SST:References.VariableReference]","Identifier":"obj"}}},{"$type":"[SST:Statements.VariableDeclaration]","Reference":{"$type":"[SST:References.VariableReference]","Identifier":"$1"},"Type":"0T:p:bool"},{"$type":"[SST:Statements.Assignment]","Reference":{"$type":"[SST:References.VariableReference]","Identifier":"$1"},"Expression":{"$type":"[SST:Expressions.Assignable.BinaryExpression]","LeftOperand":{"$type":"[SST:Expressions.Simple.ReferenceExpression]","Reference":{"$type":"[SST:References.VariableReference]","Identifier":"attribute"}},"Operator":3,"RightOperand":{"$type":"[SST:Expressions.Simple.ConstantValueExpression]","Value":"null"}}},{"$type":"[SST:Blocks.IfElseBlock]","Condition":{"$type":"[SST:Expressions.Simple.ReferenceExpression]","Reference":{"$type":"[SST:References.VariableReference]","Identifier":"$1"}},"Then":[{"$type":"[SST:Statements.ReturnStatement]","Expression":{"$type":"[SST:Expressions.Simple.ConstantValueExpression]","Value":"false"},"IsVoid":false}],"Else":[]},{"$type":"[SST:Statements.VariableDeclaration]","Reference":{"$type":"[SST:References.VariableReference]","Identifier":"$2"},"Type":"0T:p:bool"},{"$type":"[SST:Statements.Assignment]","Reference":{"$type":"[SST:References.VariableReference]","Identifier":"$2"},"Expression":{"$type":"[SST:Expressions.Assignable.BinaryExpression]","LeftOperand":{"$type":"[SST:Expressions.Simple.ReferenceExpression]","Reference":{"$type":"[SST:References.PropertyReference]","Reference":{"$type":"[SST:References.VariableReference]","Identifier":"attribute"},"PropertyName":"0P:set get [p:string] [JetBrains.ReSharper.Plugins.AngularJS.Psi.Html.AngularJsHtmlAttributeDeclaredElement, resharper-angularjs].ShortName()"}},"Operator":3,"RightOperand":{"$type":"[SST:Expressions.Simple.ReferenceExpression]","Reference":{"$type":"[SST:References.PropertyReference]","Reference":{"$type":"[SST:References.VariableReference]","Identifier":"this"},"PropertyName":"0P:set get [p:string] [JetBrains.ReSharper.Plugins.AngularJS.Psi.Html.AngularJsHtmlAttributeDeclaredElement, resharper-angularjs].ShortName()"}}}},{"$type":"[SST:Statements.ReturnStatement]","Expression":{"$type":"[SST:Expressions.Simple.ReferenceExpression]","Reference":{"$type":"[SST:References.VariableReference]","Identifier":"$2"}},"IsVoid":false}]},{"$type":"[SST:Declarations.MethodDeclaration]","Name":"0M:[p:int] [JetBrains.ReSharper.Plugins.AngularJS.Psi.Html.AngularJsHtmlAttributeDeclaredElement, resharper-angularjs].GetHashCode()","IsEntryPoint":true,"Body":[{"$type":"[SST:Statements.VariableDeclaration]","Reference":{"$type":"[SST:References.VariableReference]","Identifier":"$0"},"Type":"0T:p:string"},{"$type":"[SST:Statements.Assignment]","Reference":{"$type":"[SST:References.VariableReference]","Identifier":"$0"},"Expression":{"$type":"[SST:Expressions.Simple.ReferenceExpression]","Reference":{"$type":"[SST:References.PropertyReference]","Reference":{"$type":"[SST:References.VariableReference]","Identifier":"this"},"PropertyName":"0P:set get [p:string] [JetBrains.ReSharper.Plugins.AngularJS.Psi.Html.AngularJsHtmlAttributeDeclaredElement, resharper-angularjs].ShortName()"}}},{"$type":"[SST:Statements.VariableDeclaration]","Reference":{"$type":"[SST:References.VariableReference]","Identifier":"$1"},"Type":"0T:p:int"},{"$type":"[SST:Statements.Assignment]","Reference":{"$type":"[SST:References.VariableReference]","Identifier":"$1"},"Expression":{"$type":"[SST:Expressions.Assignable.InvocationExpression]","Reference":{"$type":"[SST:References.VariableReference]","Identifier":"$0"},"MethodName":"0M:[p:int] [p:string].GetHashCode()","Parameters":[]}},{"$type":"[SST:Statements.ReturnStatement]","Expression":{"$type":"[SST:Expressions.Simple.ReferenceExpression]","Reference":{"$type":"[SST:References.VariableReference]","Identifier":"$1"}},"IsVoid":false}]}],"Events":[],"Delegates":[]}}