{"$type":"KaVE.Commons.Model.Events.CompletionEvents.Context, KaVE.Commons","TypeShape":{"$type":"KaVE.Commons.Model.TypeShapes.TypeShape, KaVE.Commons","TypeHierarchy":{"$type":"KaVE.Commons.Model.TypeShapes.TypeHierarchy, KaVE.Commons","Element":"0T:JetBrains.ReSharper.Plugins.AngularJS.Psi.Html.AngularJsHtmlTagDeclaredElement, resharper-angularjs","Implements":[{"$type":"KaVE.Commons.Model.TypeShapes.TypeHierarchy, KaVE.Commons","Element":"0T:?","Implements":[]},{"$type":"KaVE.Commons.Model.TypeShapes.TypeHierarchy, KaVE.Commons","Element":"0T:i:JetBrains.ReSharper.Plugins.AngularJS.Psi.Html.IAngularJsDeclaredElement, resharper-angularjs","Implements":[]}]},"NestedTypes":[],"Delegates":[],"EventHierarchies":[],"Fields":["0F:[?] [JetBrains.ReSharper.Plugins.AngularJS.Psi.Html.AngularJsHtmlTagDeclaredElement, resharper-angularjs].psiServices","0F:[?] [JetBrains.ReSharper.Plugins.AngularJS.Psi.Html.AngularJsHtmlTagDeclaredElement, resharper-angularjs].declaredElementsCache"],"MethodHierarchies":[{"$type":"KaVE.Commons.Model.TypeShapes.MethodHierarchy, KaVE.Commons","Element":"0M:[p:void] [JetBrains.ReSharper.Plugins.AngularJS.Psi.Html.AngularJsHtmlTagDeclaredElement, resharper-angularjs]..ctor([?] psiServices, [?] declaredElementsCache, [p:string] shortName, [i:System.Collections.Generic.IEnumerable`1[[T -> ?]], mscorlib, 4.0.0.0] ownAttributes, [i:System.Collections.Generic.IEnumerable`1[[T -> ?]], mscorlib, 4.0.0.0] inheritedAttributes)"},{"$type":"KaVE.Commons.Model.TypeShapes.MethodHierarchy, KaVE.Commons","Element":"0M:[?] [JetBrains.ReSharper.Plugins.AngularJS.Psi.Html.AngularJsHtmlTagDeclaredElement, resharper-angularjs].GetPsiServices()"},{"$type":"KaVE.Commons.Model.TypeShapes.MethodHierarchy, KaVE.Commons","Element":"0M:[i:System.Collections.Generic.IList`1[[T -> ?]], mscorlib, 4.0.0.0] [JetBrains.ReSharper.Plugins.AngularJS.Psi.Html.AngularJsHtmlTagDeclaredElement, resharper-angularjs].GetDeclarations()"},{"$type":"KaVE.Commons.Model.TypeShapes.MethodHierarchy, KaVE.Commons","Element":"0M:[i:System.Collections.Generic.IList`1[[T -> ?]], mscorlib, 4.0.0.0] [JetBrains.ReSharper.Plugins.AngularJS.Psi.Html.AngularJsHtmlTagDeclaredElement, resharper-angularjs].GetDeclarationsIn([?] sourceFile)"},{"$type":"KaVE.Commons.Model.TypeShapes.MethodHierarchy, KaVE.Commons","Element":"0M:[?] [JetBrains.ReSharper.Plugins.AngularJS.Psi.Html.AngularJsHtmlTagDeclaredElement, resharper-angularjs].GetElementType()"},{"$type":"KaVE.Commons.Model.TypeShapes.MethodHierarchy, KaVE.Commons","Element":"0M:[System.Xml.XmlNode, System.Xml, 4.0.0.0] [JetBrains.ReSharper.Plugins.AngularJS.Psi.Html.AngularJsHtmlTagDeclaredElement, resharper-angularjs].GetXMLDoc([p:bool] inherit)"},{"$type":"KaVE.Commons.Model.TypeShapes.MethodHierarchy, KaVE.Commons","Element":"0M:[System.Xml.XmlNode, System.Xml, 4.0.0.0] [JetBrains.ReSharper.Plugins.AngularJS.Psi.Html.AngularJsHtmlTagDeclaredElement, resharper-angularjs].GetXMLDescriptionSummary([p:bool] inherit)"},{"$type":"KaVE.Commons.Model.TypeShapes.MethodHierarchy, KaVE.Commons","Element":"0M:[p:bool] [JetBrains.ReSharper.Plugins.AngularJS.Psi.Html.AngularJsHtmlTagDeclaredElement, resharper-angularjs].IsValid()"},{"$type":"KaVE.Commons.Model.TypeShapes.MethodHierarchy, KaVE.Commons","Element":"0M:[p:bool] [JetBrains.ReSharper.Plugins.AngularJS.Psi.Html.AngularJsHtmlTagDeclaredElement, resharper-angularjs].IsSynthetic()"},{"$type":"KaVE.Commons.Model.TypeShapes.MethodHierarchy, KaVE.Commons","Element":"0M:[?] [JetBrains.ReSharper.Plugins.AngularJS.Psi.Html.AngularJsHtmlTagDeclaredElement, resharper-angularjs].GetSourceFiles()"},{"$type":"KaVE.Commons.Model.TypeShapes.MethodHierarchy, KaVE.Commons","Element":"0M:[p:bool] [JetBrains.ReSharper.Plugins.AngularJS.Psi.Html.AngularJsHtmlTagDeclaredElement, resharper-angularjs].HasDeclarationsIn([?] sourceFile)"},{"$type":"KaVE.Commons.Model.TypeShapes.MethodHierarchy, KaVE.Commons","Element":"0M:[i:System.Collections.Generic.IEnumerable`1[[T -> ?]], mscorlib, 4.0.0.0] [JetBrains.ReSharper.Plugins.AngularJS.Psi.Html.AngularJsHtmlTagDeclaredElement, resharper-angularjs].GetAllowedAttributes([?] sourceFile, opt [p:bool] strict)"},{"$type":"KaVE.Commons.Model.TypeShapes.MethodHierarchy, KaVE.Commons","Element":"0M:[?] [JetBrains.ReSharper.Plugins.AngularJS.Psi.Html.AngularJsHtmlTagDeclaredElement, resharper-angularjs].GetType([?] treeTag)"},{"$type":"KaVE.Commons.Model.TypeShapes.MethodHierarchy, KaVE.Commons","Element":"0M:[p:bool] [JetBrains.ReSharper.Plugins.AngularJS.Psi.Html.AngularJsHtmlTagDeclaredElement, resharper-angularjs].Equals([p:object] obj)","Super":"0M:[p:bool] [p:object].Equals([p:object] obj)"},{"$type":"KaVE.Commons.Model.TypeShapes.MethodHierarchy, KaVE.Commons","Element":"0M:[p:int] [JetBrains.ReSharper.Plugins.AngularJS.Psi.Html.AngularJsHtmlTagDeclaredElement, resharper-angularjs].GetHashCode()","Super":"0M:[p:int] [p:object].GetHashCode()"}],"PropertyHierarchies":[{"$type":"KaVE.Commons.Model.TypeShapes.PropertyHierarchy, KaVE.Commons","Element":"0P:set get [p:string] [JetBrains.ReSharper.Plugins.AngularJS.Psi.Html.AngularJsHtmlTagDeclaredElement, resharper-angularjs].ShortName()"},{"$type":"KaVE.Commons.Model.TypeShapes.PropertyHierarchy, KaVE.Commons","Element":"0P:get [p:bool] [JetBrains.ReSharper.Plugins.AngularJS.Psi.Html.AngularJsHtmlTagDeclaredElement, resharper-angularjs].CaseSensistiveName()"},{"$type":"KaVE.Commons.Model.TypeShapes.PropertyHierarchy, KaVE.Commons","Element":"0P:get [?] [JetBrains.ReSharper.Plugins.AngularJS.Psi.Html.AngularJsHtmlTagDeclaredElement, resharper-angularjs].PresentationLanguage()"},{"$type":"KaVE.Commons.Model.TypeShapes.PropertyHierarchy, KaVE.Commons","Element":"0P:get [p:bool] [JetBrains.ReSharper.Plugins.AngularJS.Psi.Html.AngularJsHtmlTagDeclaredElement, resharper-angularjs].Obsolete()"},{"$type":"KaVE.Commons.Model.TypeShapes.PropertyHierarchy, KaVE.Commons","Element":"0P:get [p:bool] [JetBrains.ReSharper.Plugins.AngularJS.Psi.Html.AngularJsHtmlTagDeclaredElement, resharper-angularjs].NonStandard()"},{"$type":"KaVE.Commons.Model.TypeShapes.PropertyHierarchy, KaVE.Commons","Element":"0P:get [?] [JetBrains.ReSharper.Plugins.AngularJS.Psi.Html.AngularJsHtmlTagDeclaredElement, resharper-angularjs].ClosingRequirement()"},{"$type":"KaVE.Commons.Model.TypeShapes.PropertyHierarchy, KaVE.Commons","Element":"0P:set get [i:System.Collections.Generic.IEnumerable`1[[T -> ?]], mscorlib, 4.0.0.0] [JetBrains.ReSharper.Plugins.AngularJS.Psi.Html.AngularJsHtmlTagDeclaredElement, resharper-angularjs].OwnAttributes()"},{"$type":"KaVE.Commons.Model.TypeShapes.PropertyHierarchy, KaVE.Commons","Element":"0P:set get [i:System.Collections.Generic.IEnumerable`1[[T -> ?]], mscorlib, 4.0.0.0] [JetBrains.ReSharper.Plugins.AngularJS.Psi.Html.AngularJsHtmlTagDeclaredElement, resharper-angularjs].InheritedAttributes()"},{"$type":"KaVE.Commons.Model.TypeShapes.PropertyHierarchy, KaVE.Commons","Element":"0P:get [p:bool] [JetBrains.ReSharper.Plugins.AngularJS.Psi.Html.AngularJsHtmlTagDeclaredElement, resharper-angularjs].OnlyOnce()"}]},"SST":{"$type":"[SST:SST]","EnclosingType":"0T:JetBrains.ReSharper.Plugins.AngularJS.Psi.Html.AngularJsHtmlTagDeclaredElement, resharper-angularjs","Fields":[{"$type":"[SST:Declarations.FieldDeclaration]","Name":"0F:[?] [JetBrains.ReSharper.Plugins.AngularJS.Psi.Html.AngularJsHtmlTagDeclaredElement, resharper-angularjs].psiServices"},{"$type":"[SST:Declarations.FieldDeclaration]","Name":"0F:[?] [JetBrains.ReSharper.Plugins.AngularJS.Psi.Html.AngularJsHtmlTagDeclaredElement, resharper-angularjs].declaredElementsCache"}],"Properties":[{"$type":"[SST:Declarations.PropertyDeclaration]","Name":"0P:set get [p:string] [JetBrains.ReSharper.Plugins.AngularJS.Psi.Html.AngularJsHtmlTagDeclaredElement, resharper-angularjs].ShortName()","Get":[],"Set":[]},{"$type":"[SST:Declarations.PropertyDeclaration]","Name":"0P:get [p:bool] [JetBrains.ReSharper.Plugins.AngularJS.Psi.Html.AngularJsHtmlTagDeclaredElement, resharper-angularjs].CaseSensistiveName()","Get":[{"$type":"[SST:Statements.ReturnStatement]","Expression":{"$type":"[SST:Expressions.Simple.ConstantValueExpression]","Value":"false"},"IsVoid":false}],"Set":[]},{"$type":"[SST:Declarations.PropertyDeclaration]","Name":"0P:get [?] [JetBrains.ReSharper.Plugins.AngularJS.Psi.Html.AngularJsHtmlTagDeclaredElement, resharper-angularjs].PresentationLanguage()","Get":[{"$type":"[SST:Statements.ReturnStatement]","Expression":{"$type":"[SST:Expressions.Simple.ReferenceExpression]","Reference":{"$type":"[SST:References.UnknownReference]"}},"IsVoid":false}],"Set":[]},{"$type":"[SST:Declarations.PropertyDeclaration]","Name":"0P:get [p:bool] [JetBrains.ReSharper.Plugins.AngularJS.Psi.Html.AngularJsHtmlTagDeclaredElement, resharper-angularjs].Obsolete()","Get":[{"$type":"[SST:Statements.ReturnStatement]","Expression":{"$type":"[SST:Expressions.Simple.ConstantValueExpression]","Value":"false"},"IsVoid":false}],"Set":[]},{"$type":"[SST:Declarations.PropertyDeclaration]","Name":"0P:get [p:bool] [JetBrains.ReSharper.Plugins.AngularJS.Psi.Html.AngularJsHtmlTagDeclaredElement, resharper-angularjs].NonStandard()","Get":[{"$type":"[SST:Statements.ReturnStatement]","Expression":{"$type":"[SST:Expressions.Simple.ConstantValueExpression]","Value":"false"},"IsVoid":false}],"Set":[]},{"$type":"[SST:Declarations.PropertyDeclaration]","Name":"0P:get [?] [JetBrains.ReSharper.Plugins.AngularJS.Psi.Html.AngularJsHtmlTagDeclaredElement, resharper-angularjs].ClosingRequirement()","Get":[{"$type":"[SST:Statements.ReturnStatement]","Expression":{"$type":"[SST:Expressions.Simple.ReferenceExpression]","Reference":{"$type":"[SST:References.UnknownReference]"}},"IsVoid":false}],"Set":[]},{"$type":"[SST:Declarations.PropertyDeclaration]","Name":"0P:set get [i:System.Collections.Generic.IEnumerable`1[[T -> ?]], mscorlib, 4.0.0.0] [JetBrains.ReSharper.Plugins.AngularJS.Psi.Html.AngularJsHtmlTagDeclaredElement, resharper-angularjs].OwnAttributes()","Get":[],"Set":[]},{"$type":"[SST:Declarations.PropertyDeclaration]","Name":"0P:set get [i:System.Collections.Generic.IEnumerable`1[[T -> ?]], mscorlib, 4.0.0.0] [JetBrains.ReSharper.Plugins.AngularJS.Psi.Html.AngularJsHtmlTagDeclaredElement, resharper-angularjs].InheritedAttributes()","Get":[],"Set":[]},{"$type":"[SST:Declarations.PropertyDeclaration]","Name":"0P:get [p:bool] [JetBrains.ReSharper.Plugins.AngularJS.Psi.Html.AngularJsHtmlTagDeclaredElement, resharper-angularjs].OnlyOnce()","Get":[{"$type":"[SST:Statements.ReturnStatement]","Expression":{"$type":"[SST:Expressions.Simple.ConstantValueExpression]","Value":"false"},"IsVoid":false}],"Set":[]}],"Methods":[{"$type":"[SST:Declarations.MethodDeclaration]","Name":"0M:[p:void] [JetBrains.ReSharper.Plugins.AngularJS.Psi.Html.AngularJsHtmlTagDeclaredElement, resharper-angularjs]..ctor([?] psiServices, [?] declaredElementsCache, [p:string] shortName, [i:System.Collections.Generic.IEnumerable`1[[T -> ?]], mscorlib, 4.0.0.0] ownAttributes, [i:System.Collections.Generic.IEnumerable`1[[T -> ?]], mscorlib, 4.0.0.0] inheritedAttributes)","IsEntryPoint":true,"Body":[{"$type":"[SST:Statements.Assignment]","Reference":{"$type":"[SST:References.PropertyReference]","Reference":{"$type":"[SST:References.VariableReference]","Identifier":"this"},"PropertyName":"0P:set get [p:string] [JetBrains.ReSharper.Plugins.AngularJS.Psi.Html.AngularJsHtmlTagDeclaredElement, resharper-angularjs].ShortName()"},"Expression":{"$type":"[SST:Expressions.Simple.ReferenceExpression]","Reference":{"$type":"[SST:References.VariableReference]","Identifier":"shortName"}}},{"$type":"[SST:Statements.Assignment]","Reference":{"$type":"[SST:References.FieldReference]","Reference":{"$type":"[SST:References.VariableReference]","Identifier":"this"},"FieldName":"0F:[?] [JetBrains.ReSharper.Plugins.AngularJS.Psi.Html.AngularJsHtmlTagDeclaredElement, resharper-angularjs].psiServices"},"Expression":{"$type":"[SST:Expressions.Simple.ReferenceExpression]","Reference":{"$type":"[SST:References.VariableReference]","Identifier":"psiServices"}}},{"$type":"[SST:Statements.Assignment]","Reference":{"$type":"[SST:References.FieldReference]","Reference":{"$type":"[SST:References.VariableReference]","Identifier":"this"},"FieldName":"0F:[?] [JetBrains.ReSharper.Plugins.AngularJS.Psi.Html.AngularJsHtmlTagDeclaredElement, resharper-angularjs].declaredElementsCache"},"Expression":{"$type":"[SST:Expressions.Simple.ReferenceExpression]","Reference":{"$type":"[SST:References.VariableReference]","Identifier":"declaredElementsCache"}}},{"$type":"[SST:Statements.Assignment]","Reference":{"$type":"[SST:References.PropertyReference]","Reference":{"$type":"[SST:References.VariableReference]","Identifier":"this"},"PropertyName":"0P:set get [i:System.Collections.Generic.IEnumerable`1[[T -> ?]], mscorlib, 4.0.0.0] [JetBrains.ReSharper.Plugins.AngularJS.Psi.Html.AngularJsHtmlTagDeclaredElement, resharper-angularjs].OwnAttributes()"},"Expression":{"$type":"[SST:Expressions.Simple.ReferenceExpression]","Reference":{"$type":"[SST:References.VariableReference]","Identifier":"ownAttributes"}}},{"$type":"[SST:Statements.Assignment]","Reference":{"$type":"[SST:References.PropertyReference]","Reference":{"$type":"[SST:References.VariableReference]","Identifier":"this"},"PropertyName":"0P:set get [i:System.Collections.Generic.IEnumerable`1[[T -> ?]], mscorlib, 4.0.0.0] [JetBrains.ReSharper.Plugins.AngularJS.Psi.Html.AngularJsHtmlTagDeclaredElement, resharper-angularjs].InheritedAttributes()"},"Expression":{"$type":"[SST:Expressions.Simple.ReferenceExpression]","Reference":{"$type":"[SST:References.VariableReference]","Identifier":"inheritedAttributes"}}}]},{"$type":"[SST:Declarations.MethodDeclaration]","Name":"0M:[?] [JetBrains.ReSharper.Plugins.AngularJS.Psi.Html.AngularJsHtmlTagDeclaredElement, resharper-angularjs].GetPsiServices()","IsEntryPoint":true,"Body":[{"$type":"[SST:Statements.ReturnStatement]","Expression":{"$type":"[SST:Expressions.Simple.ReferenceExpression]","Reference":{"$type":"[SST:References.FieldReference]","Reference":{"$type":"[SST:References.VariableReference]","Identifier":"this"},"FieldName":"0F:[?] [JetBrains.ReSharper.Plugins.AngularJS.Psi.Html.AngularJsHtmlTagDeclaredElement, resharper-angularjs].psiServices"}},"IsVoid":false}]},{"$type":"[SST:Declarations.MethodDeclaration]","Name":"0M:[i:System.Collections.Generic.IList`1[[T -> ?]], mscorlib, 4.0.0.0] [JetBrains.ReSharper.Plugins.AngularJS.Psi.Html.AngularJsHtmlTagDeclaredElement, resharper-angularjs].GetDeclarations()","IsEntryPoint":true,"Body":[{"$type":"[SST:Statements.ReturnStatement]","Expression":{"$type":"[SST:Expressions.Simple.ReferenceExpression]","Reference":{"$type":"[SST:References.UnknownReference]"}},"IsVoid":false}]},{"$type":"[SST:Declarations.MethodDeclaration]","Name":"0M:[i:System.Collections.Generic.IList`1[[T -> ?]], mscorlib, 4.0.0.0] [JetBrains.ReSharper.Plugins.AngularJS.Psi.Html.AngularJsHtmlTagDeclaredElement, resharper-angularjs].GetDeclarationsIn([?] sourceFile)","IsEntryPoint":true,"Body":[{"$type":"[SST:Statements.ReturnStatement]","Expression":{"$type":"[SST:Expressions.Simple.ReferenceExpression]","Reference":{"$type":"[SST:References.UnknownReference]"}},"IsVoid":false}]},{"$type":"[SST:Declarations.MethodDeclaration]","Name":"0M:[?] [JetBrains.ReSharper.Plugins.AngularJS.Psi.Html.AngularJsHtmlTagDeclaredElement, resharper-angularjs].GetElementType()","IsEntryPoint":true,"Body":[{"$type":"[SST:Statements.ReturnStatement]","Expression":{"$type":"[SST:Expressions.Simple.ReferenceExpression]","Reference":{"$type":"[SST:References.UnknownReference]"}},"IsVoid":false}]},{"$type":"[SST:Declarations.MethodDeclaration]","Name":"0M:[System.Xml.XmlNode, System.Xml, 4.0.0.0] [JetBrains.ReSharper.Plugins.AngularJS.Psi.Html.AngularJsHtmlTagDeclaredElement, resharper-angularjs].GetXMLDoc([p:bool] inherit)","IsEntryPoint":true,"Body":[{"$type":"[SST:Statements.ReturnStatement]","Expression":{"$type":"[SST:Expressions.Simple.ConstantValueExpression]","Value":"null"},"IsVoid":false}]},{"$type":"[SST:Declarations.MethodDeclaration]","Name":"0M:[System.Xml.XmlNode, System.Xml, 4.0.0.0] [JetBrains.ReSharper.Plugins.AngularJS.Psi.Html.AngularJsHtmlTagDeclaredElement, resharper-angularjs].GetXMLDescriptionSummary([p:bool] inherit)","IsEntryPoint":true,"Body":[{"$type":"[SST:Statements.ReturnStatement]","Expression":{"$type":"[SST:Expressions.Simple.ConstantValueExpression]","Value":"null"},"IsVoid":false}]},{"$type":"[SST:Declarations.MethodDeclaration]","Name":"0M:[p:bool] [JetBrains.ReSharper.Plugins.AngularJS.Psi.Html.AngularJsHtmlTagDeclaredElement, resharper-angularjs].IsValid()","IsEntryPoint":true,"Body":[{"$type":"[SST:Statements.ReturnStatement]","Expression":{"$type":"[SST:Expressions.Simple.ConstantValueExpression]","Value":"true"},"IsVoid":false}]},{"$type":"[SST:Declarations.MethodDeclaration]","Name":"0M:[p:bool] [JetBrains.ReSharper.Plugins.AngularJS.Psi.Html.AngularJsHtmlTagDeclaredElement, resharper-angularjs].IsSynthetic()","IsEntryPoint":true,"Body":[{"$type":"[SST:Statements.ReturnStatement]","Expression":{"$type":"[SST:Expressions.Simple.ConstantValueExpression]","Value":"false"},"IsVoid":false}]},{"$type":"[SST:Declarations.MethodDeclaration]","Name":"0M:[?] [JetBrains.ReSharper.Plugins.AngularJS.Psi.Html.AngularJsHtmlTagDeclaredElement, resharper-angularjs].GetSourceFiles()","IsEntryPoint":true,"Body":[{"$type":"[SST:Statements.ReturnStatement]","Expression":{"$type":"[SST:Expressions.Simple.ReferenceExpression]","Reference":{"$type":"[SST:References.UnknownReference]"}},"IsVoid":false}]},{"$type":"[SST:Declarations.MethodDeclaration]","Name":"0M:[p:bool] [JetBrains.ReSharper.Plugins.AngularJS.Psi.Html.AngularJsHtmlTagDeclaredElement, resharper-angularjs].HasDeclarationsIn([?] sourceFile)","IsEntryPoint":true,"Body":[{"$type":"[SST:Statements.ReturnStatement]","Expression":{"$type":"[SST:Expressions.Simple.ConstantValueExpression]","Value":"false"},"IsVoid":false}]},{"$type":"[SST:Declarations.MethodDeclaration]","Name":"0M:[i:System.Collections.Generic.IEnumerable`1[[T -> ?]], mscorlib, 4.0.0.0] [JetBrains.ReSharper.Plugins.AngularJS.Psi.Html.AngularJsHtmlTagDeclaredElement, resharper-angularjs].GetAllowedAttributes([?] sourceFile, opt [p:bool] strict)","IsEntryPoint":true,"Body":[{"$type":"[SST:Statements.VariableDeclaration]","Reference":{"$type":"[SST:References.VariableReference]","Identifier":"$0"},"Type":"0T:?"},{"$type":"[SST:Statements.Assignment]","Reference":{"$type":"[SST:References.VariableReference]","Identifier":"$0"},"Expression":{"$type":"[SST:Expressions.Assignable.InvocationExpression]","Reference":{"$type":"[SST:References.VariableReference]","Identifier":""},"MethodName":"0M:[?] [?].???()","Parameters":[{"$type":"[SST:Expressions.Simple.ReferenceExpression]","Reference":{"$type":"[SST:References.VariableReference]","Identifier":"sourceFile"}},{"$type":"[SST:Expressions.Simple.ReferenceExpression]","Reference":{"$type":"[SST:References.VariableReference]","Identifier":"this"}},{"$type":"[SST:Expressions.Simple.ReferenceExpression]","Reference":{"$type":"[SST:References.VariableReference]","Identifier":"strict"}}]}},{"$type":"[SST:Statements.VariableDeclaration]","Reference":{"$type":"[SST:References.VariableReference]","Identifier":"$1"},"Type":"0T:?"},{"$type":"[SST:Statements.Assignment]","Reference":{"$type":"[SST:References.VariableReference]","Identifier":"$1"},"Expression":{"$type":"[SST:Expressions.Assignable.InvocationExpression]","Reference":{"$type":"[SST:References.VariableReference]","Identifier":""},"MethodName":"0M:[?] [?].???()","Parameters":[{"$type":"[SST:Expressions.Simple.ReferenceExpression]","Reference":{"$type":"[SST:References.PropertyReference]","Reference":{"$type":"[SST:References.VariableReference]","Identifier":"this"},"PropertyName":"0P:set get [i:System.Collections.Generic.IEnumerable`1[[T -> ?]], mscorlib, 4.0.0.0] [JetBrains.ReSharper.Plugins.AngularJS.Psi.Html.AngularJsHtmlTagDeclaredElement, resharper-angularjs].OwnAttributes()"}},{"$type":"[SST:Expressions.Simple.ReferenceExpression]","Reference":{"$type":"[SST:References.PropertyReference]","Reference":{"$type":"[SST:References.VariableReference]","Identifier":"this"},"PropertyName":"0P:set get [i:System.Collections.Generic.IEnumerable`1[[T -> ?]], mscorlib, 4.0.0.0] [JetBrains.ReSharper.Plugins.AngularJS.Psi.Html.AngularJsHtmlTagDeclaredElement, resharper-angularjs].InheritedAttributes()"}},{"$type":"[SST:Expressions.Simple.ReferenceExpression]","Reference":{"$type":"[SST:References.VariableReference]","Identifier":"$0"}}]}},{"$type":"[SST:Statements.ReturnStatement]","Expression":{"$type":"[SST:Expressions.Simple.ReferenceExpression]","Reference":{"$type":"[SST:References.VariableReference]","Identifier":"$1"}},"IsVoid":false}]},{"$type":"[SST:Declarations.MethodDeclaration]","Name":"0M:[?] [JetBrains.ReSharper.Plugins.AngularJS.Psi.Html.AngularJsHtmlTagDeclaredElement, resharper-angularjs].GetType([?] treeTag)","IsEntryPoint":true,"Body":[{"$type":"[SST:Statements.VariableDeclaration]","Reference":{"$type":"[SST:References.VariableReference]","Identifier":"$0"},"Type":"0T:?"},{"$type":"[SST:Statements.Assignment]","Reference":{"$type":"[SST:References.VariableReference]","Identifier":"$0"},"Expression":{"$type":"[SST:Expressions.Assignable.InvocationExpression]","Reference":{"$type":"[SST:References.VariableReference]","Identifier":""},"MethodName":"0M:[?] [?].???()","Parameters":[{"$type":"[SST:Expressions.Simple.ReferenceExpression]","Reference":{"$type":"[SST:References.VariableReference]","Identifier":"treeTag"}}]}},{"$type":"[SST:Statements.ReturnStatement]","Expression":{"$type":"[SST:Expressions.Simple.ReferenceExpression]","Reference":{"$type":"[SST:References.VariableReference]","Identifier":"$0"}},"IsVoid":false}]},{"$type":"[SST:Declarations.MethodDeclaration]","Name":"0M:[p:bool] [JetBrains.ReSharper.Plugins.AngularJS.Psi.Html.AngularJsHtmlTagDeclaredElement, resharper-angularjs].Equals([p:object] obj)","IsEntryPoint":true,"Body":[{"$type":"[SST:Statements.VariableDeclaration]","Reference":{"$type":"[SST:References.VariableReference]","Identifier":"$0"},"Type":"0T:p:bool"},{"$type":"[SST:Statements.Assignment]","Reference":{"$type":"[SST:References.VariableReference]","Identifier":"$0"},"Expression":{"$type":"[SST:Expressions.Assignable.InvocationExpression]","Reference":{"$type":"[SST:References.VariableReference]","Identifier":""},"MethodName":"0M:static [p:bool] [p:object].ReferenceEquals([p:object] objA, [p:object] objB)","Parameters":[{"$type":"[SST:Expressions.Simple.ReferenceExpression]","Reference":{"$type":"[SST:References.VariableReference]","Identifier":"this"}},{"$type":"[SST:Expressions.Simple.ReferenceExpression]","Reference":{"$type":"[SST:References.VariableReference]","Identifier":"obj"}}]}},{"$type":"[SST:Blocks.IfElseBlock]","Condition":{"$type":"[SST:Expressions.Simple.ReferenceExpression]","Reference":{"$type":"[SST:References.VariableReference]","Identifier":"$0"}},"Then":[{"$type":"[SST:Statements.ReturnStatement]","Expression":{"$type":"[SST:Expressions.Simple.ConstantValueExpression]","Value":"true"},"IsVoid":false}],"Else":[]},{"$type":"[SST:Statements.VariableDeclaration]","Reference":{"$type":"[SST:References.VariableReference]","Identifier":"attribute"},"Type":"0T:JetBrains.ReSharper.Plugins.AngularJS.Psi.Html.AngularJsHtmlAttributeDeclaredElement, resharper-angularjs"},{"$type":"[SST:Statements.Assignment]","Reference":{"$type":"[SST:References.VariableReference]","Identifier":"attribute"},"Expression":{"$type":"[SST:Expressions.Assignable.CastExpression]","TargetType":"0T:JetBrains.ReSharper.Plugins.AngularJS.Psi.Html.AngularJsHtmlAttributeDeclaredElement, resharper-angularjs","Operator":0,"Reference":{"$type":"[SST:References.VariableReference]","Identifier":"obj"}}},{"$type":"[SST:Statements.VariableDeclaration]","Reference":{"$type":"[SST:References.VariableReference]","Identifier":"$1"},"Type":"0T:p:bool"},{"$type":"[SST:Statements.Assignment]","Reference":{"$type":"[SST:References.VariableReference]","Identifier":"$1"},"Expression":{"$type":"[SST:Expressions.Assignable.BinaryExpression]","LeftOperand":{"$type":"[SST:Expressions.Simple.ReferenceExpression]","Reference":{"$type":"[SST:References.VariableReference]","Identifier":"attribute"}},"Operator":3,"RightOperand":{"$type":"[SST:Expressions.Simple.ConstantValueExpression]","Value":"null"}}},{"$type":"[SST:Blocks.IfElseBlock]","Condition":{"$type":"[SST:Expressions.Simple.ReferenceExpression]","Reference":{"$type":"[SST:References.VariableReference]","Identifier":"$1"}},"Then":[{"$type":"[SST:Statements.ReturnStatement]","Expression":{"$type":"[SST:Expressions.Simple.ConstantValueExpression]","Value":"false"},"IsVoid":false}],"Else":[]},{"$type":"[SST:Statements.VariableDeclaration]","Reference":{"$type":"[SST:References.VariableReference]","Identifier":"$2"},"Type":"0T:p:bool"},{"$type":"[SST:Statements.Assignment]","Reference":{"$type":"[SST:References.VariableReference]","Identifier":"$2"},"Expression":{"$type":"[SST:Expressions.Assignable.BinaryExpression]","LeftOperand":{"$type":"[SST:Expressions.Simple.ReferenceExpression]","Reference":{"$type":"[SST:References.PropertyReference]","Reference":{"$type":"[SST:References.VariableReference]","Identifier":"attribute"},"PropertyName":"0P:set get [p:string] [JetBrains.ReSharper.Plugins.AngularJS.Psi.Html.AngularJsHtmlAttributeDeclaredElement, resharper-angularjs].ShortName()"}},"Operator":3,"RightOperand":{"$type":"[SST:Expressions.Simple.ReferenceExpression]","Reference":{"$type":"[SST:References.PropertyReference]","Reference":{"$type":"[SST:References.VariableReference]","Identifier":"this"},"PropertyName":"0P:set get [p:string] [JetBrains.ReSharper.Plugins.AngularJS.Psi.Html.AngularJsHtmlTagDeclaredElement, resharper-angularjs].ShortName()"}}}},{"$type":"[SST:Statements.ReturnStatement]","Expression":{"$type":"[SST:Expressions.Simple.ReferenceExpression]","Reference":{"$type":"[SST:References.VariableReference]","Identifier":"$2"}},"IsVoid":false}]},{"$type":"[SST:Declarations.MethodDeclaration]","Name":"0M:[p:int] [JetBrains.ReSharper.Plugins.AngularJS.Psi.Html.AngularJsHtmlTagDeclaredElement, resharper-angularjs].GetHashCode()","IsEntryPoint":true,"Body":[{"$type":"[SST:Statements.VariableDeclaration]","Reference":{"$type":"[SST:References.VariableReference]","Identifier":"$0"},"Type":"0T:p:string"},{"$type":"[SST:Statements.Assignment]","Reference":{"$type":"[SST:References.VariableReference]","Identifier":"$0"},"Expression":{"$type":"[SST:Expressions.Simple.ReferenceExpression]","Reference":{"$type":"[SST:References.PropertyReference]","Reference":{"$type":"[SST:References.VariableReference]","Identifier":"this"},"PropertyName":"0P:set get [p:string] [JetBrains.ReSharper.Plugins.AngularJS.Psi.Html.AngularJsHtmlTagDeclaredElement, resharper-angularjs].ShortName()"}}},{"$type":"[SST:Statements.VariableDeclaration]","Reference":{"$type":"[SST:References.VariableReference]","Identifier":"$1"},"Type":"0T:p:int"},{"$type":"[SST:Statements.Assignment]","Reference":{"$type":"[SST:References.VariableReference]","Identifier":"$1"},"Expression":{"$type":"[SST:Expressions.Assignable.InvocationExpression]","Reference":{"$type":"[SST:References.VariableReference]","Identifier":"$0"},"MethodName":"0M:[p:int] [p:string].GetHashCode()","Parameters":[]}},{"$type":"[SST:Statements.ReturnStatement]","Expression":{"$type":"[SST:Expressions.Simple.ReferenceExpression]","Reference":{"$type":"[SST:References.VariableReference]","Identifier":"$1"}},"IsVoid":false}]}],"Events":[],"Delegates":[]}}