{"$type":"KaVE.Commons.Model.Events.CompletionEvents.Context, KaVE.Commons","TypeShape":{"$type":"KaVE.Commons.Model.TypeShapes.TypeShape, KaVE.Commons","TypeHierarchy":{"$type":"KaVE.Commons.Model.TypeShapes.TypeHierarchy, KaVE.Commons","Element":"0T:i:JetBrains.ReSharper.Plugins.AngularJS.Psi.Html.IAngularJsDeclaredElement, resharper-angularjs","Implements":[]},"NestedTypes":[],"Delegates":[],"EventHierarchies":[],"Fields":[],"MethodHierarchies":[],"PropertyHierarchies":[]},"SST":{"$type":"[SST:SST]","EnclosingType":"0T:i:JetBrains.ReSharper.Plugins.AngularJS.Psi.Html.IAngularJsDeclaredElement, resharper-angularjs","Fields":[],"Properties":[],"Methods":[],"Events":[],"Delegates":[]}}