{"$type":"KaVE.Commons.Model.Events.CompletionEvents.Context, KaVE.Commons","TypeShape":{"$type":"KaVE.Commons.Model.TypeShapes.TypeShape, KaVE.Commons","TypeHierarchy":{"$type":"KaVE.Commons.Model.TypeShapes.TypeHierarchy, KaVE.Commons","Element":"0T:JetBrains.ReSharper.Plugins.AngularJS.Feature.Services.Caches.AngularJsCacheItemsBuilder, resharper-angularjs","Implements":[]},"NestedTypes":[],"Delegates":[],"EventHierarchies":[],"Fields":["0F:[i:System.Collections.Generic.IList`1[[T -> JetBrains.ReSharper.Plugins.AngularJS.Feature.Services.Caches.Directive, resharper-angularjs]], mscorlib, 4.0.0.0] [JetBrains.ReSharper.Plugins.AngularJS.Feature.Services.Caches.AngularJsCacheItemsBuilder, resharper-angularjs].directives","0F:[i:System.Collections.Generic.IList`1[[T -> JetBrains.ReSharper.Plugins.AngularJS.Feature.Services.Caches.Filter, resharper-angularjs]], mscorlib, 4.0.0.0] [JetBrains.ReSharper.Plugins.AngularJS.Feature.Services.Caches.AngularJsCacheItemsBuilder, resharper-angularjs].filters"],"MethodHierarchies":[{"$type":"KaVE.Commons.Model.TypeShapes.MethodHierarchy, KaVE.Commons","Element":"0M:[JetBrains.ReSharper.Plugins.AngularJS.Feature.Services.Caches.AngularJsCacheItems, resharper-angularjs] [JetBrains.ReSharper.Plugins.AngularJS.Feature.Services.Caches.AngularJsCacheItemsBuilder, resharper-angularjs].Build()"},{"$type":"KaVE.Commons.Model.TypeShapes.MethodHierarchy, KaVE.Commons","Element":"0M:[p:void] [JetBrains.ReSharper.Plugins.AngularJS.Feature.Services.Caches.AngularJsCacheItemsBuilder, resharper-angularjs].Add([JetBrains.ReSharper.Plugins.AngularJS.Feature.Services.Caches.Directive, resharper-angularjs] directive)"},{"$type":"KaVE.Commons.Model.TypeShapes.MethodHierarchy, KaVE.Commons","Element":"0M:[p:void] [JetBrains.ReSharper.Plugins.AngularJS.Feature.Services.Caches.AngularJsCacheItemsBuilder, resharper-angularjs].Add([JetBrains.ReSharper.Plugins.AngularJS.Feature.Services.Caches.Filter, resharper-angularjs] filter)"}],"PropertyHierarchies":[]},"SST":{"$type":"[SST:SST]","EnclosingType":"0T:JetBrains.ReSharper.Plugins.AngularJS.Feature.Services.Caches.AngularJsCacheItemsBuilder, resharper-angularjs","Fields":[{"$type":"[SST:Declarations.FieldDeclaration]","Name":"0F:[i:System.Collections.Generic.IList`1[[T -> JetBrains.ReSharper.Plugins.AngularJS.Feature.Services.Caches.Directive, resharper-angularjs]], mscorlib, 4.0.0.0] [JetBrains.ReSharper.Plugins.AngularJS.Feature.Services.Caches.AngularJsCacheItemsBuilder, resharper-angularjs].directives"},{"$type":"[SST:Declarations.FieldDeclaration]","Name":"0F:[i:System.Collections.Generic.IList`1[[T -> JetBrains.ReSharper.Plugins.AngularJS.Feature.Services.Caches.Filter, resharper-angularjs]], mscorlib, 4.0.0.0] [JetBrains.ReSharper.Plugins.AngularJS.Feature.Services.Caches.AngularJsCacheItemsBuilder, resharper-angularjs].filters"}],"Properties":[],"Methods":[{"$type":"[SST:Declarations.MethodDeclaration]","Name":"0M:[p:void] [JetBrains.ReSharper.Plugins.AngularJS.Feature.Services.Caches.AngularJsCacheItemsBuilder, resharper-angularjs]..init()","IsEntryPoint":false,"Body":[{"$type":"[SST:Statements.Assignment]","Reference":{"$type":"[SST:References.FieldReference]","Reference":{"$type":"[SST:References.VariableReference]","Identifier":"this"},"FieldName":"0F:[i:System.Collections.Generic.IList`1[[T -> JetBrains.ReSharper.Plugins.AngularJS.Feature.Services.Caches.Directive, resharper-angularjs]], mscorlib, 4.0.0.0] [JetBrains.ReSharper.Plugins.AngularJS.Feature.Services.Caches.AngularJsCacheItemsBuilder, resharper-angularjs].directives"},"Expression":{"$type":"[SST:Expressions.Assignable.InvocationExpression]","Reference":{"$type":"[SST:References.VariableReference]","Identifier":""},"MethodName":"0M:[p:void] [System.Collections.Generic.List`1[[T -> JetBrains.ReSharper.Plugins.AngularJS.Feature.Services.Caches.Directive, resharper-angularjs]], mscorlib, 4.0.0.0]..ctor()","Parameters":[]}},{"$type":"[SST:Statements.Assignment]","Reference":{"$type":"[SST:References.FieldReference]","Reference":{"$type":"[SST:References.VariableReference]","Identifier":"this"},"FieldName":"0F:[i:System.Collections.Generic.IList`1[[T -> JetBrains.ReSharper.Plugins.AngularJS.Feature.Services.Caches.Filter, resharper-angularjs]], mscorlib, 4.0.0.0] [JetBrains.ReSharper.Plugins.AngularJS.Feature.Services.Caches.AngularJsCacheItemsBuilder, resharper-angularjs].filters"},"Expression":{"$type":"[SST:Expressions.Assignable.InvocationExpression]","Reference":{"$type":"[SST:References.VariableReference]","Identifier":""},"MethodName":"0M:[p:void] [System.Collections.Generic.List`1[[T -> JetBrains.ReSharper.Plugins.AngularJS.Feature.Services.Caches.Filter, resharper-angularjs]], mscorlib, 4.0.0.0]..ctor()","Parameters":[]}}]},{"$type":"[SST:Declarations.MethodDeclaration]","Name":"0M:[JetBrains.ReSharper.Plugins.AngularJS.Feature.Services.Caches.AngularJsCacheItems, resharper-angularjs] [JetBrains.ReSharper.Plugins.AngularJS.Feature.Services.Caches.AngularJsCacheItemsBuilder, resharper-angularjs].Build()","IsEntryPoint":true,"Body":[{"$type":"[SST:Statements.VariableDeclaration]","Reference":{"$type":"[SST:References.VariableReference]","Identifier":"$0"},"Type":"0T:JetBrains.ReSharper.Plugins.AngularJS.Feature.Services.Caches.AngularJsCacheItems, resharper-angularjs"},{"$type":"[SST:Statements.Assignment]","Reference":{"$type":"[SST:References.VariableReference]","Identifier":"$0"},"Expression":{"$type":"[SST:Expressions.Assignable.InvocationExpression]","Reference":{"$type":"[SST:References.VariableReference]","Identifier":""},"MethodName":"0M:[p:void] [JetBrains.ReSharper.Plugins.AngularJS.Feature.Services.Caches.AngularJsCacheItems, resharper-angularjs]..ctor([i:System.Collections.Generic.IList`1[[T -> JetBrains.ReSharper.Plugins.AngularJS.Feature.Services.Caches.Directive, resharper-angularjs]], mscorlib, 4.0.0.0] directives, [i:System.Collections.Generic.IList`1[[T -> JetBrains.ReSharper.Plugins.AngularJS.Feature.Services.Caches.Filter, resharper-angularjs]], mscorlib, 4.0.0.0] filters)","Parameters":[{"$type":"[SST:Expressions.Simple.ReferenceExpression]","Reference":{"$type":"[SST:References.FieldReference]","Reference":{"$type":"[SST:References.VariableReference]","Identifier":"this"},"FieldName":"0F:[i:System.Collections.Generic.IList`1[[T -> JetBrains.ReSharper.Plugins.AngularJS.Feature.Services.Caches.Directive, resharper-angularjs]], mscorlib, 4.0.0.0] [JetBrains.ReSharper.Plugins.AngularJS.Feature.Services.Caches.AngularJsCacheItemsBuilder, resharper-angularjs].directives"}},{"$type":"[SST:Expressions.Simple.ReferenceExpression]","Reference":{"$type":"[SST:References.FieldReference]","Reference":{"$type":"[SST:References.VariableReference]","Identifier":"this"},"FieldName":"0F:[i:System.Collections.Generic.IList`1[[T -> JetBrains.ReSharper.Plugins.AngularJS.Feature.Services.Caches.Filter, resharper-angularjs]], mscorlib, 4.0.0.0] [JetBrains.ReSharper.Plugins.AngularJS.Feature.Services.Caches.AngularJsCacheItemsBuilder, resharper-angularjs].filters"}}]}},{"$type":"[SST:Statements.ReturnStatement]","Expression":{"$type":"[SST:Expressions.Simple.ReferenceExpression]","Reference":{"$type":"[SST:References.VariableReference]","Identifier":"$0"}},"IsVoid":false}]},{"$type":"[SST:Declarations.MethodDeclaration]","Name":"0M:[p:void] [JetBrains.ReSharper.Plugins.AngularJS.Feature.Services.Caches.AngularJsCacheItemsBuilder, resharper-angularjs].Add([JetBrains.ReSharper.Plugins.AngularJS.Feature.Services.Caches.Directive, resharper-angularjs] directive)","IsEntryPoint":true,"Body":[{"$type":"[SST:Statements.VariableDeclaration]","Reference":{"$type":"[SST:References.VariableReference]","Identifier":"$0"},"Type":"0T:i:System.Collections.Generic.IList`1[[T -> JetBrains.ReSharper.Plugins.AngularJS.Feature.Services.Caches.Directive, resharper-angularjs]], mscorlib, 4.0.0.0"},{"$type":"[SST:Statements.Assignment]","Reference":{"$type":"[SST:References.VariableReference]","Identifier":"$0"},"Expression":{"$type":"[SST:Expressions.Simple.ReferenceExpression]","Reference":{"$type":"[SST:References.FieldReference]","Reference":{"$type":"[SST:References.VariableReference]","Identifier":"this"},"FieldName":"0F:[i:System.Collections.Generic.IList`1[[T -> JetBrains.ReSharper.Plugins.AngularJS.Feature.Services.Caches.Directive, resharper-angularjs]], mscorlib, 4.0.0.0] [JetBrains.ReSharper.Plugins.AngularJS.Feature.Services.Caches.AngularJsCacheItemsBuilder, resharper-angularjs].directives"}}},{"$type":"[SST:Statements.ExpressionStatement]","Expression":{"$type":"[SST:Expressions.Assignable.InvocationExpression]","Reference":{"$type":"[SST:References.VariableReference]","Identifier":"$0"},"MethodName":"0M:[p:void] [i:System.Collections.Generic.ICollection`1[[T -> JetBrains.ReSharper.Plugins.AngularJS.Feature.Services.Caches.Directive, resharper-angularjs]], mscorlib, 4.0.0.0].Add([T] item)","Parameters":[{"$type":"[SST:Expressions.Simple.ReferenceExpression]","Reference":{"$type":"[SST:References.VariableReference]","Identifier":"directive"}}]}}]},{"$type":"[SST:Declarations.MethodDeclaration]","Name":"0M:[p:void] [JetBrains.ReSharper.Plugins.AngularJS.Feature.Services.Caches.AngularJsCacheItemsBuilder, resharper-angularjs].Add([JetBrains.ReSharper.Plugins.AngularJS.Feature.Services.Caches.Filter, resharper-angularjs] filter)","IsEntryPoint":true,"Body":[{"$type":"[SST:Statements.VariableDeclaration]","Reference":{"$type":"[SST:References.VariableReference]","Identifier":"$0"},"Type":"0T:i:System.Collections.Generic.IList`1[[T -> JetBrains.ReSharper.Plugins.AngularJS.Feature.Services.Caches.Filter, resharper-angularjs]], mscorlib, 4.0.0.0"},{"$type":"[SST:Statements.Assignment]","Reference":{"$type":"[SST:References.VariableReference]","Identifier":"$0"},"Expression":{"$type":"[SST:Expressions.Simple.ReferenceExpression]","Reference":{"$type":"[SST:References.FieldReference]","Reference":{"$type":"[SST:References.VariableReference]","Identifier":"this"},"FieldName":"0F:[i:System.Collections.Generic.IList`1[[T -> JetBrains.ReSharper.Plugins.AngularJS.Feature.Services.Caches.Filter, resharper-angularjs]], mscorlib, 4.0.0.0] [JetBrains.ReSharper.Plugins.AngularJS.Feature.Services.Caches.AngularJsCacheItemsBuilder, resharper-angularjs].filters"}}},{"$type":"[SST:Statements.ExpressionStatement]","Expression":{"$type":"[SST:Expressions.Assignable.InvocationExpression]","Reference":{"$type":"[SST:References.VariableReference]","Identifier":"$0"},"MethodName":"0M:[p:void] [i:System.Collections.Generic.ICollection`1[[T -> JetBrains.ReSharper.Plugins.AngularJS.Feature.Services.Caches.Filter, resharper-angularjs]], mscorlib, 4.0.0.0].Add([T] item)","Parameters":[{"$type":"[SST:Expressions.Simple.ReferenceExpression]","Reference":{"$type":"[SST:References.VariableReference]","Identifier":"filter"}}]}}]}],"Events":[],"Delegates":[]}}