{"$type":"KaVE.Commons.Model.Events.CompletionEvents.Context, KaVE.Commons","TypeShape":{"$type":"KaVE.Commons.Model.TypeShapes.TypeShape, KaVE.Commons","TypeHierarchy":{"$type":"KaVE.Commons.Model.TypeShapes.TypeHierarchy, KaVE.Commons","Element":"0T:JetBrains.ReSharper.Plugins.AngularJS.Resources.LogoThemedIcons, resharper-angularjs","Implements":[]},"NestedTypes":["0T:JetBrains.ReSharper.Plugins.AngularJS.Resources.LogoThemedIcons+Angularjs, resharper-angularjs"],"Delegates":[],"EventHierarchies":[],"Fields":[],"MethodHierarchies":[],"PropertyHierarchies":[]},"SST":{"$type":"[SST:SST]","EnclosingType":"0T:JetBrains.ReSharper.Plugins.AngularJS.Resources.LogoThemedIcons, resharper-angularjs","Fields":[],"Properties":[],"Methods":[],"Events":[],"Delegates":[]}}