{"$type":"KaVE.Commons.Model.Events.CompletionEvents.Context, KaVE.Commons","TypeShape":{"$type":"KaVE.Commons.Model.TypeShapes.TypeShape, KaVE.Commons","TypeHierarchy":{"$type":"KaVE.Commons.Model.TypeShapes.TypeHierarchy, KaVE.Commons","Element":"0T:JetBrains.ReSharper.Plugins.AngularJS.Feature.Services.CodeCompletion.AngularJsAttributesDoubleCompletionListTest, tests","Implements":[{"$type":"KaVE.Commons.Model.TypeShapes.TypeHierarchy, KaVE.Commons","Element":"0T:?","Implements":[]}]},"NestedTypes":[],"Delegates":[],"EventHierarchies":[],"Fields":["0F:[System.Version, mscorlib, 4.0.0.0] [JetBrains.ReSharper.Plugins.AngularJS.Feature.Services.CodeCompletion.AngularJsAttributesDoubleCompletionListTest, tests].currentVersion"],"MethodHierarchies":[{"$type":"KaVE.Commons.Model.TypeShapes.MethodHierarchy, KaVE.Commons","Element":"0M:[p:string] [JetBrains.ReSharper.Plugins.AngularJS.Feature.Services.CodeCompletion.AngularJsAttributesDoubleCompletionListTest, tests].GetGoldTestDataPath([p:string] fileName)"},{"$type":"KaVE.Commons.Model.TypeShapes.MethodHierarchy, KaVE.Commons","Element":"0M:[p:void] [JetBrains.ReSharper.Plugins.AngularJS.Feature.Services.CodeCompletion.AngularJsAttributesDoubleCompletionListTest, tests].TestShowAllItemsOnDoubleCompletionWithNoPrefix([System.Version, mscorlib, 4.0.0.0] version)"},{"$type":"KaVE.Commons.Model.TypeShapes.MethodHierarchy, KaVE.Commons","Element":"0M:[p:void] [JetBrains.ReSharper.Plugins.AngularJS.Feature.Services.CodeCompletion.AngularJsAttributesDoubleCompletionListTest, tests].TestShowMatchingItemsOnDoubleCompletionWithPrefix([System.Version, mscorlib, 4.0.0.0] version)"},{"$type":"KaVE.Commons.Model.TypeShapes.MethodHierarchy, KaVE.Commons","Element":"0M:[p:void] [JetBrains.ReSharper.Plugins.AngularJS.Feature.Services.CodeCompletion.AngularJsAttributesDoubleCompletionListTest, tests].DoNamedTest2([System.Version, mscorlib, 4.0.0.0] version)"}],"PropertyHierarchies":[{"$type":"KaVE.Commons.Model.TypeShapes.PropertyHierarchy, KaVE.Commons","Element":"0P:get [p:string] [JetBrains.ReSharper.Plugins.AngularJS.Feature.Services.CodeCompletion.AngularJsAttributesDoubleCompletionListTest, tests].RelativeTestDataPath()"},{"$type":"KaVE.Commons.Model.TypeShapes.PropertyHierarchy, KaVE.Commons","Element":"0P:get [?] [JetBrains.ReSharper.Plugins.AngularJS.Feature.Services.CodeCompletion.AngularJsAttributesDoubleCompletionListTest, tests].TestType()"}]},"SST":{"$type":"[SST:SST]","EnclosingType":"0T:JetBrains.ReSharper.Plugins.AngularJS.Feature.Services.CodeCompletion.AngularJsAttributesDoubleCompletionListTest, tests","Fields":[{"$type":"[SST:Declarations.FieldDeclaration]","Name":"0F:[System.Version, mscorlib, 4.0.0.0] [JetBrains.ReSharper.Plugins.AngularJS.Feature.Services.CodeCompletion.AngularJsAttributesDoubleCompletionListTest, tests].currentVersion"}],"Properties":[{"$type":"[SST:Declarations.PropertyDeclaration]","Name":"0P:get [p:string] [JetBrains.ReSharper.Plugins.AngularJS.Feature.Services.CodeCompletion.AngularJsAttributesDoubleCompletionListTest, tests].RelativeTestDataPath()","Get":[{"$type":"[SST:Statements.ReturnStatement]","Expression":{"$type":"[SST:Expressions.Simple.ConstantValueExpression]"},"IsVoid":false}],"Set":[]},{"$type":"[SST:Declarations.PropertyDeclaration]","Name":"0P:get [?] [JetBrains.ReSharper.Plugins.AngularJS.Feature.Services.CodeCompletion.AngularJsAttributesDoubleCompletionListTest, tests].TestType()","Get":[{"$type":"[SST:Statements.ReturnStatement]","Expression":{"$type":"[SST:Expressions.Simple.ReferenceExpression]","Reference":{"$type":"[SST:References.UnknownReference]"}},"IsVoid":false}],"Set":[]}],"Methods":[{"$type":"[SST:Declarations.MethodDeclaration]","Name":"0M:[p:string] [JetBrains.ReSharper.Plugins.AngularJS.Feature.Services.CodeCompletion.AngularJsAttributesDoubleCompletionListTest, tests].GetGoldTestDataPath([p:string] fileName)","IsEntryPoint":true,"Body":[{"$type":"[SST:Statements.VariableDeclaration]","Reference":{"$type":"[SST:References.VariableReference]","Identifier":"$0"},"Type":"0T:p:string"},{"$type":"[SST:Statements.Assignment]","Reference":{"$type":"[SST:References.VariableReference]","Identifier":"$0"},"Expression":{"$type":"[SST:Expressions.Assignable.InvocationExpression]","Reference":{"$type":"[SST:References.VariableReference]","Identifier":""},"MethodName":"0M:static [p:string] [JetBrains.ReSharper.Plugins.AngularJS.AngularJsTestVersions, tests].GetProductVersion([System.Version, mscorlib, 4.0.0.0] version)","Parameters":[{"$type":"[SST:Expressions.Simple.ReferenceExpression]","Reference":{"$type":"[SST:References.FieldReference]","Reference":{"$type":"[SST:References.VariableReference]","Identifier":"this"},"FieldName":"0F:[System.Version, mscorlib, 4.0.0.0] [JetBrains.ReSharper.Plugins.AngularJS.Feature.Services.CodeCompletion.AngularJsAttributesDoubleCompletionListTest, tests].currentVersion"}}]}},{"$type":"[SST:Statements.VariableDeclaration]","Reference":{"$type":"[SST:References.VariableReference]","Identifier":"$1"},"Type":"0T:p:string"},{"$type":"[SST:Statements.Assignment]","Reference":{"$type":"[SST:References.VariableReference]","Identifier":"$1"},"Expression":{"$type":"[SST:Expressions.Assignable.BinaryExpression]","LeftOperand":{"$type":"[SST:Expressions.Simple.ReferenceExpression]","Reference":{"$type":"[SST:References.VariableReference]","Identifier":"fileName"}},"Operator":9,"RightOperand":{"$type":"[SST:Expressions.Simple.ReferenceExpression]","Reference":{"$type":"[SST:References.VariableReference]","Identifier":"$0"}}}},{"$type":"[SST:Statements.VariableDeclaration]","Reference":{"$type":"[SST:References.VariableReference]","Identifier":"$2"},"Type":"0T:?"},{"$type":"[SST:Statements.Assignment]","Reference":{"$type":"[SST:References.VariableReference]","Identifier":"$2"},"Expression":{"$type":"[SST:Expressions.Assignable.InvocationExpression]","Reference":{"$type":"[SST:References.VariableReference]","Identifier":""},"MethodName":"0M:[?] [?].???()","Parameters":[{"$type":"[SST:Expressions.Simple.ReferenceExpression]","Reference":{"$type":"[SST:References.VariableReference]","Identifier":"$1"}}]}},{"$type":"[SST:Statements.ReturnStatement]","Expression":{"$type":"[SST:Expressions.Simple.ReferenceExpression]","Reference":{"$type":"[SST:References.VariableReference]","Identifier":"$2"}},"IsVoid":false}]},{"$type":"[SST:Declarations.MethodDeclaration]","Name":"0M:[p:void] [JetBrains.ReSharper.Plugins.AngularJS.Feature.Services.CodeCompletion.AngularJsAttributesDoubleCompletionListTest, tests].TestShowAllItemsOnDoubleCompletionWithNoPrefix([System.Version, mscorlib, 4.0.0.0] version)","IsEntryPoint":true,"Body":[{"$type":"[SST:Statements.ExpressionStatement]","Expression":{"$type":"[SST:Expressions.Assignable.InvocationExpression]","Reference":{"$type":"[SST:References.VariableReference]","Identifier":"this"},"MethodName":"0M:[p:void] [JetBrains.ReSharper.Plugins.AngularJS.Feature.Services.CodeCompletion.AngularJsAttributesDoubleCompletionListTest, tests].DoNamedTest2([System.Version, mscorlib, 4.0.0.0] version)","Parameters":[{"$type":"[SST:Expressions.Simple.ReferenceExpression]","Reference":{"$type":"[SST:References.VariableReference]","Identifier":"version"}}]}}]},{"$type":"[SST:Declarations.MethodDeclaration]","Name":"0M:[p:void] [JetBrains.ReSharper.Plugins.AngularJS.Feature.Services.CodeCompletion.AngularJsAttributesDoubleCompletionListTest, tests].TestShowMatchingItemsOnDoubleCompletionWithPrefix([System.Version, mscorlib, 4.0.0.0] version)","IsEntryPoint":true,"Body":[{"$type":"[SST:Statements.ExpressionStatement]","Expression":{"$type":"[SST:Expressions.Assignable.InvocationExpression]","Reference":{"$type":"[SST:References.VariableReference]","Identifier":"this"},"MethodName":"0M:[p:void] [JetBrains.ReSharper.Plugins.AngularJS.Feature.Services.CodeCompletion.AngularJsAttributesDoubleCompletionListTest, tests].DoNamedTest2([System.Version, mscorlib, 4.0.0.0] version)","Parameters":[{"$type":"[SST:Expressions.Simple.ReferenceExpression]","Reference":{"$type":"[SST:References.VariableReference]","Identifier":"version"}}]}}]},{"$type":"[SST:Declarations.MethodDeclaration]","Name":"0M:[p:void] [JetBrains.ReSharper.Plugins.AngularJS.Feature.Services.CodeCompletion.AngularJsAttributesDoubleCompletionListTest, tests].DoNamedTest2([System.Version, mscorlib, 4.0.0.0] version)","IsEntryPoint":false,"Body":[{"$type":"[SST:Statements.Assignment]","Reference":{"$type":"[SST:References.FieldReference]","Reference":{"$type":"[SST:References.VariableReference]","Identifier":"this"},"FieldName":"0F:[System.Version, mscorlib, 4.0.0.0] [JetBrains.ReSharper.Plugins.AngularJS.Feature.Services.CodeCompletion.AngularJsAttributesDoubleCompletionListTest, tests].currentVersion"},"Expression":{"$type":"[SST:Expressions.Simple.ReferenceExpression]","Reference":{"$type":"[SST:References.VariableReference]","Identifier":"version"}}},{"$type":"[SST:Statements.VariableDeclaration]","Reference":{"$type":"[SST:References.VariableReference]","Identifier":"$0"},"Type":"0T:p:string"},{"$type":"[SST:Statements.Assignment]","Reference":{"$type":"[SST:References.VariableReference]","Identifier":"$0"},"Expression":{"$type":"[SST:Expressions.Assignable.InvocationExpression]","Reference":{"$type":"[SST:References.VariableReference]","Identifier":""},"MethodName":"0M:static [p:string] [JetBrains.ReSharper.Plugins.AngularJS.AngularJsTestVersions, tests].GetAngularJsVersion([?] root, [System.Version, mscorlib, 4.0.0.0] version)","Parameters":[{"$type":"[SST:Expressions.Simple.ReferenceExpression]","Reference":{"$type":"[SST:References.UnknownReference]"}},{"$type":"[SST:Expressions.Simple.ReferenceExpression]","Reference":{"$type":"[SST:References.VariableReference]","Identifier":"version"}}]}},{"$type":"[SST:Statements.ExpressionStatement]","Expression":{"$type":"[SST:Expressions.Assignable.InvocationExpression]","Reference":{"$type":"[SST:References.VariableReference]","Identifier":"this"},"MethodName":"0M:[p:void] [JetBrains.ReSharper.Plugins.AngularJS.Feature.Services.CodeCompletion.AngularJsAttributesDoubleCompletionListTest, tests].DoNamedTest2([System.Version, mscorlib, 4.0.0.0] version)","Parameters":[{"$type":"[SST:Expressions.Simple.ReferenceExpression]","Reference":{"$type":"[SST:References.VariableReference]","Identifier":"$0"}}]}}]}],"Events":[],"Delegates":[]}}