{"$type":"KaVE.Commons.Model.Events.CompletionEvents.Context, KaVE.Commons","TypeShape":{"$type":"KaVE.Commons.Model.TypeShapes.TypeShape, KaVE.Commons","TypeHierarchy":{"$type":"KaVE.Commons.Model.TypeShapes.TypeHierarchy, KaVE.Commons","Element":"0T:JetBrains.ReSharper.Plugins.AngularJS.Psi.JavaScript.DependencyInjectionTest, tests","Extends":{"$type":"KaVE.Commons.Model.TypeShapes.TypeHierarchy, KaVE.Commons","Element":"0T:JetBrains.ReSharper.Plugins.AngularJS.Psi.JavaScript.JavaScriptResolveTestBase, tests","Implements":[{"$type":"KaVE.Commons.Model.TypeShapes.TypeHierarchy, KaVE.Commons","Element":"0T:?","Implements":[]}]},"Implements":[]},"NestedTypes":[],"Delegates":[],"EventHierarchies":[],"Fields":["0F:[?] [JetBrains.ReSharper.Plugins.AngularJS.Psi.JavaScript.DependencyInjectionTest, tests].acceptableReferenceNames"],"MethodHierarchies":[{"$type":"KaVE.Commons.Model.TypeShapes.MethodHierarchy, KaVE.Commons","Element":"0M:[p:void] [JetBrains.ReSharper.Plugins.AngularJS.Psi.JavaScript.DependencyInjectionTest, tests].SetInterestingReferences(params [p:string[]] names)"},{"$type":"KaVE.Commons.Model.TypeShapes.MethodHierarchy, KaVE.Commons","Element":"0M:[p:bool] [JetBrains.ReSharper.Plugins.AngularJS.Psi.JavaScript.DependencyInjectionTest, tests].AcceptReference([?] reference)","Super":"0M:[p:bool] [JetBrains.ReSharper.Plugins.AngularJS.Psi.JavaScript.JavaScriptResolveTestBase, tests].AcceptReference([?] reference)"},{"$type":"KaVE.Commons.Model.TypeShapes.MethodHierarchy, KaVE.Commons","Element":"0M:[p:void] [JetBrains.ReSharper.Plugins.AngularJS.Psi.JavaScript.DependencyInjectionTest, tests].DoNamedTestForReferences(params [p:string[]] names)"},{"$type":"KaVE.Commons.Model.TypeShapes.MethodHierarchy, KaVE.Commons","Element":"0M:[p:void] [JetBrains.ReSharper.Plugins.AngularJS.Psi.JavaScript.DependencyInjectionTest, tests].TestInjectNumberConstant()"},{"$type":"KaVE.Commons.Model.TypeShapes.MethodHierarchy, KaVE.Commons","Element":"0M:[p:void] [JetBrains.ReSharper.Plugins.AngularJS.Psi.JavaScript.DependencyInjectionTest, tests].TestInjectStringConstant()"},{"$type":"KaVE.Commons.Model.TypeShapes.MethodHierarchy, KaVE.Commons","Element":"0M:[p:void] [JetBrains.ReSharper.Plugins.AngularJS.Psi.JavaScript.DependencyInjectionTest, tests].TestInjectFunctionConstant()"},{"$type":"KaVE.Commons.Model.TypeShapes.MethodHierarchy, KaVE.Commons","Element":"0M:[p:void] [JetBrains.ReSharper.Plugins.AngularJS.Psi.JavaScript.DependencyInjectionTest, tests].TestInjectStringValue()"},{"$type":"KaVE.Commons.Model.TypeShapes.MethodHierarchy, KaVE.Commons","Element":"0M:[p:void] [JetBrains.ReSharper.Plugins.AngularJS.Psi.JavaScript.DependencyInjectionTest, tests].TestInjectFunctionValue()"},{"$type":"KaVE.Commons.Model.TypeShapes.MethodHierarchy, KaVE.Commons","Element":"0M:[p:void] [JetBrains.ReSharper.Plugins.AngularJS.Psi.JavaScript.DependencyInjectionTest, tests].TestInjectFactory()"},{"$type":"KaVE.Commons.Model.TypeShapes.MethodHierarchy, KaVE.Commons","Element":"0M:[p:void] [JetBrains.ReSharper.Plugins.AngularJS.Psi.JavaScript.DependencyInjectionTest, tests].TestInjectService()"},{"$type":"KaVE.Commons.Model.TypeShapes.MethodHierarchy, KaVE.Commons","Element":"0M:[p:void] [JetBrains.ReSharper.Plugins.AngularJS.Psi.JavaScript.DependencyInjectionTest, tests].TestInjectProviderValue()"},{"$type":"KaVE.Commons.Model.TypeShapes.MethodHierarchy, KaVE.Commons","Element":"0M:[p:void] [JetBrains.ReSharper.Plugins.AngularJS.Psi.JavaScript.DependencyInjectionTest, tests].TestInjectProvider()"},{"$type":"KaVE.Commons.Model.TypeShapes.MethodHierarchy, KaVE.Commons","Element":"0M:[p:void] [JetBrains.ReSharper.Plugins.AngularJS.Psi.JavaScript.DependencyInjectionTest, tests].TestInjectByStringLiteral()"},{"$type":"KaVE.Commons.Model.TypeShapes.MethodHierarchy, KaVE.Commons","Element":"0M:[p:void] [JetBrains.ReSharper.Plugins.AngularJS.Psi.JavaScript.DependencyInjectionTest, tests].TestInjectIntoController()"},{"$type":"KaVE.Commons.Model.TypeShapes.MethodHierarchy, KaVE.Commons","Element":"0M:[p:void] [JetBrains.ReSharper.Plugins.AngularJS.Psi.JavaScript.DependencyInjectionTest, tests].TestInjectIntoDirective()"},{"$type":"KaVE.Commons.Model.TypeShapes.MethodHierarchy, KaVE.Commons","Element":"0M:[p:void] [JetBrains.ReSharper.Plugins.AngularJS.Psi.JavaScript.DependencyInjectionTest, tests].TestInjectIntoFilter()"},{"$type":"KaVE.Commons.Model.TypeShapes.MethodHierarchy, KaVE.Commons","Element":"0M:[p:void] [JetBrains.ReSharper.Plugins.AngularJS.Psi.JavaScript.DependencyInjectionTest, tests].TestInjectIntoAnimation()"},{"$type":"KaVE.Commons.Model.TypeShapes.MethodHierarchy, KaVE.Commons","Element":"0M:[p:void] [JetBrains.ReSharper.Plugins.AngularJS.Psi.JavaScript.DependencyInjectionTest, tests].TestInjectIntoConfig()"},{"$type":"KaVE.Commons.Model.TypeShapes.MethodHierarchy, KaVE.Commons","Element":"0M:[p:void] [JetBrains.ReSharper.Plugins.AngularJS.Psi.JavaScript.DependencyInjectionTest, tests].TestInjectIntoRun()"},{"$type":"KaVE.Commons.Model.TypeShapes.MethodHierarchy, KaVE.Commons","Element":"0M:[p:void] [JetBrains.ReSharper.Plugins.AngularJS.Psi.JavaScript.DependencyInjectionTest, tests].TestInjectIntoFactory()"},{"$type":"KaVE.Commons.Model.TypeShapes.MethodHierarchy, KaVE.Commons","Element":"0M:[p:void] [JetBrains.ReSharper.Plugins.AngularJS.Psi.JavaScript.DependencyInjectionTest, tests].TestInjectIntoService()"},{"$type":"KaVE.Commons.Model.TypeShapes.MethodHierarchy, KaVE.Commons","Element":"0M:[p:void] [JetBrains.ReSharper.Plugins.AngularJS.Psi.JavaScript.DependencyInjectionTest, tests].TestInjectIntoProvider()"},{"$type":"KaVE.Commons.Model.TypeShapes.MethodHierarchy, KaVE.Commons","Element":"0M:[p:void] [JetBrains.ReSharper.Plugins.AngularJS.Psi.JavaScript.DependencyInjectionTest, tests].TestInjectBuiltinServices()"},{"$type":"KaVE.Commons.Model.TypeShapes.MethodHierarchy, KaVE.Commons","Element":"0M:[p:void] [JetBrains.ReSharper.Plugins.AngularJS.Psi.JavaScript.DependencyInjectionTest, tests].TestInjectBuiltinServicesByStringLiteral()"}],"PropertyHierarchies":[{"$type":"KaVE.Commons.Model.TypeShapes.PropertyHierarchy, KaVE.Commons","Element":"0P:get [p:string] [JetBrains.ReSharper.Plugins.AngularJS.Psi.JavaScript.DependencyInjectionTest, tests].RelativeTestDataPath()","Super":"0P:get [p:string] [JetBrains.ReSharper.Plugins.AngularJS.Psi.JavaScript.JavaScriptResolveTestBase, tests].RelativeTestDataPath()"}]},"SST":{"$type":"[SST:SST]","EnclosingType":"0T:JetBrains.ReSharper.Plugins.AngularJS.Psi.JavaScript.DependencyInjectionTest, tests","Fields":[{"$type":"[SST:Declarations.FieldDeclaration]","Name":"0F:[?] [JetBrains.ReSharper.Plugins.AngularJS.Psi.JavaScript.DependencyInjectionTest, tests].acceptableReferenceNames"}],"Properties":[{"$type":"[SST:Declarations.PropertyDeclaration]","Name":"0P:get [p:string] [JetBrains.ReSharper.Plugins.AngularJS.Psi.JavaScript.DependencyInjectionTest, tests].RelativeTestDataPath()","Get":[{"$type":"[SST:Statements.VariableDeclaration]","Reference":{"$type":"[SST:References.VariableReference]","Identifier":"$0"},"Type":"0T:p:string"},{"$type":"[SST:Statements.Assignment]","Reference":{"$type":"[SST:References.VariableReference]","Identifier":"$0"},"Expression":{"$type":"[SST:Expressions.Assignable.BinaryExpression]","LeftOperand":{"$type":"[SST:Expressions.Simple.ReferenceExpression]","Reference":{"$type":"[SST:References.PropertyReference]","Reference":{"$type":"[SST:References.VariableReference]","Identifier":"base"},"PropertyName":"0P:get [p:string] [JetBrains.ReSharper.Plugins.AngularJS.Psi.JavaScript.JavaScriptResolveTestBase, tests].RelativeTestDataPath()"}},"Operator":9,"RightOperand":{"$type":"[SST:Expressions.Simple.ConstantValueExpression]"}}},{"$type":"[SST:Statements.ReturnStatement]","Expression":{"$type":"[SST:Expressions.Simple.ReferenceExpression]","Reference":{"$type":"[SST:References.VariableReference]","Identifier":"$0"}},"IsVoid":false}],"Set":[]}],"Methods":[{"$type":"[SST:Declarations.MethodDeclaration]","Name":"0M:[p:void] [JetBrains.ReSharper.Plugins.AngularJS.Psi.JavaScript.DependencyInjectionTest, tests].SetInterestingReferences(params [p:string[]] names)","IsEntryPoint":false,"Body":[{"$type":"[SST:Statements.Assignment]","Reference":{"$type":"[SST:References.FieldReference]","Reference":{"$type":"[SST:References.VariableReference]","Identifier":"this"},"FieldName":"0F:[?] [JetBrains.ReSharper.Plugins.AngularJS.Psi.JavaScript.DependencyInjectionTest, tests].acceptableReferenceNames"},"Expression":{"$type":"[SST:Expressions.Assignable.InvocationExpression]","Reference":{"$type":"[SST:References.VariableReference]","Identifier":""},"MethodName":"0M:[?] [?].???()","Parameters":[]}}]},{"$type":"[SST:Declarations.MethodDeclaration]","Name":"0M:[p:bool] [JetBrains.ReSharper.Plugins.AngularJS.Psi.JavaScript.DependencyInjectionTest, tests].AcceptReference([?] reference)","IsEntryPoint":true,"Body":[{"$type":"[SST:Statements.VariableDeclaration]","Reference":{"$type":"[SST:References.VariableReference]","Identifier":"referenceExpressionReference"},"Type":"0T:?"},{"$type":"[SST:Statements.Assignment]","Reference":{"$type":"[SST:References.VariableReference]","Identifier":"referenceExpressionReference"},"Expression":{"$type":"[SST:Expressions.Assignable.CastExpression]","TargetType":"0T:?","Operator":0,"Reference":{"$type":"[SST:References.VariableReference]","Identifier":"reference"}}},{"$type":"[SST:Statements.VariableDeclaration]","Reference":{"$type":"[SST:References.VariableReference]","Identifier":"$0"},"Type":"0T:?"},{"$type":"[SST:Statements.Assignment]","Reference":{"$type":"[SST:References.VariableReference]","Identifier":"$0"},"Expression":{"$type":"[SST:Expressions.Assignable.BinaryExpression]","LeftOperand":{"$type":"[SST:Expressions.Simple.ReferenceExpression]","Reference":{"$type":"[SST:References.VariableReference]","Identifier":"referenceExpressionReference"}},"Operator":6,"RightOperand":{"$type":"[SST:Expressions.Simple.ConstantValueExpression]","Value":"null"}}},{"$type":"[SST:Blocks.IfElseBlock]","Condition":{"$type":"[SST:Expressions.Simple.ReferenceExpression]","Reference":{"$type":"[SST:References.VariableReference]","Identifier":"$0"}},"Then":[{"$type":"[SST:Statements.VariableDeclaration]","Reference":{"$type":"[SST:References.VariableReference]","Identifier":"owner"},"Type":"0T:?"},{"$type":"[SST:Statements.Assignment]","Reference":{"$type":"[SST:References.VariableReference]","Identifier":"owner"},"Expression":{"$type":"[SST:Expressions.Assignable.CastExpression]","TargetType":"0T:?","Operator":0,"Reference":{"$type":"[SST:References.VariableReference]","Identifier":""}}},{"$type":"[SST:Statements.VariableDeclaration]","Reference":{"$type":"[SST:References.VariableReference]","Identifier":"$1"},"Type":"0T:?"},{"$type":"[SST:Statements.Assignment]","Reference":{"$type":"[SST:References.VariableReference]","Identifier":"$1"},"Expression":{"$type":"[SST:Expressions.Assignable.BinaryExpression]","LeftOperand":{"$type":"[SST:Expressions.Simple.ReferenceExpression]","Reference":{"$type":"[SST:References.VariableReference]","Identifier":"owner"}},"Operator":6,"RightOperand":{"$type":"[SST:Expressions.Simple.ConstantValueExpression]","Value":"null"}}},{"$type":"[SST:Blocks.IfElseBlock]","Condition":{"$type":"[SST:Expressions.Simple.ReferenceExpression]","Reference":{"$type":"[SST:References.VariableReference]","Identifier":"$1"}},"Then":[{"$type":"[SST:Statements.VariableDeclaration]","Reference":{"$type":"[SST:References.VariableReference]","Identifier":"acceptReference"},"Type":"0T:p:bool"},{"$type":"[SST:Statements.Assignment]","Reference":{"$type":"[SST:References.VariableReference]","Identifier":"acceptReference"},"Expression":{"$type":"[SST:Expressions.Assignable.InvocationExpression]","Reference":{"$type":"[SST:References.VariableReference]","Identifier":"this"},"MethodName":"0M:[p:bool] [JetBrains.ReSharper.Plugins.AngularJS.Psi.JavaScript.DependencyInjectionTest, tests].AcceptReference([?] reference)","Parameters":[{"$type":"[SST:Expressions.Simple.ReferenceExpression]","Reference":{"$type":"[SST:References.UnknownReference]"}}]}},{"$type":"[SST:Blocks.IfElseBlock]","Condition":{"$type":"[SST:Expressions.Simple.ReferenceExpression]","Reference":{"$type":"[SST:References.VariableReference]","Identifier":"acceptReference"}},"Then":[{"$type":"[SST:Statements.ReturnStatement]","Expression":{"$type":"[SST:Expressions.Simple.ConstantValueExpression]","Value":"true"},"IsVoid":false}],"Else":[]}],"Else":[]}],"Else":[]},{"$type":"[SST:Statements.VariableDeclaration]","Reference":{"$type":"[SST:References.VariableReference]","Identifier":"$2"},"Type":"0T:?"},{"$type":"[SST:Statements.Assignment]","Reference":{"$type":"[SST:References.VariableReference]","Identifier":"$2"},"Expression":{"$type":"[SST:Expressions.Assignable.InvocationExpression]","Reference":{"$type":"[SST:References.VariableReference]","Identifier":""},"MethodName":"0M:[?] [?].???()","Parameters":[]}},{"$type":"[SST:Statements.VariableDeclaration]","Reference":{"$type":"[SST:References.VariableReference]","Identifier":"$3"},"Type":"0T:?"},{"$type":"[SST:Statements.Assignment]","Reference":{"$type":"[SST:References.VariableReference]","Identifier":"$3"},"Expression":{"$type":"[SST:Expressions.Assignable.InvocationExpression]","Reference":{"$type":"[SST:References.VariableReference]","Identifier":""},"MethodName":"0M:[?] [?].???()","Parameters":[]}},{"$type":"[SST:Statements.VariableDeclaration]","Reference":{"$type":"[SST:References.VariableReference]","Identifier":"$4"},"Type":"0T:?"},{"$type":"[SST:Statements.Assignment]","Reference":{"$type":"[SST:References.VariableReference]","Identifier":"$4"},"Expression":{"$type":"[SST:Expressions.Assignable.InvocationExpression]","Reference":{"$type":"[SST:References.VariableReference]","Identifier":""},"MethodName":"0M:[?] [?].???()","Parameters":[{"$type":"[SST:Expressions.Simple.ReferenceExpression]","Reference":{"$type":"[SST:References.VariableReference]","Identifier":"$3"}}]}},{"$type":"[SST:Statements.VariableDeclaration]","Reference":{"$type":"[SST:References.VariableReference]","Identifier":"$5"},"Type":"0T:?"},{"$type":"[SST:Statements.Assignment]","Reference":{"$type":"[SST:References.VariableReference]","Identifier":"$5"},"Expression":{"$type":"[SST:Expressions.Assignable.BinaryExpression]","LeftOperand":{"$type":"[SST:Expressions.Simple.ReferenceExpression]","Reference":{"$type":"[SST:References.VariableReference]","Identifier":"$2"}},"Operator":8,"RightOperand":{"$type":"[SST:Expressions.Simple.ReferenceExpression]","Reference":{"$type":"[SST:References.VariableReference]","Identifier":"$4"}}}},{"$type":"[SST:Statements.ReturnStatement]","Expression":{"$type":"[SST:Expressions.Simple.ReferenceExpression]","Reference":{"$type":"[SST:References.VariableReference]","Identifier":"$5"}},"IsVoid":false}]},{"$type":"[SST:Declarations.MethodDeclaration]","Name":"0M:[p:void] [JetBrains.ReSharper.Plugins.AngularJS.Psi.JavaScript.DependencyInjectionTest, tests].DoNamedTestForReferences(params [p:string[]] names)","IsEntryPoint":false,"Body":[{"$type":"[SST:Statements.ExpressionStatement]","Expression":{"$type":"[SST:Expressions.Assignable.InvocationExpression]","Reference":{"$type":"[SST:References.VariableReference]","Identifier":"this"},"MethodName":"0M:[p:void] [JetBrains.ReSharper.Plugins.AngularJS.Psi.JavaScript.DependencyInjectionTest, tests].SetInterestingReferences(params [p:string[]] names)","Parameters":[{"$type":"[SST:Expressions.Simple.ReferenceExpression]","Reference":{"$type":"[SST:References.VariableReference]","Identifier":"names"}}]}},{"$type":"[SST:Statements.ExpressionStatement]","Expression":{"$type":"[SST:Expressions.Assignable.InvocationExpression]","Reference":{"$type":"[SST:References.VariableReference]","Identifier":"this"},"MethodName":"0M:[p:void] [JetBrains.ReSharper.Plugins.AngularJS.Psi.JavaScript.JavaScriptResolveTestBase, tests].DoNamedTest2(params [p:string[]] otherFiles)","Parameters":[]}}]},{"$type":"[SST:Declarations.MethodDeclaration]","Name":"0M:[p:void] [JetBrains.ReSharper.Plugins.AngularJS.Psi.JavaScript.DependencyInjectionTest, tests].TestInjectNumberConstant()","IsEntryPoint":true,"Body":[{"$type":"[SST:Statements.ExpressionStatement]","Expression":{"$type":"[SST:Expressions.Assignable.InvocationExpression]","Reference":{"$type":"[SST:References.VariableReference]","Identifier":"this"},"MethodName":"0M:[p:void] [JetBrains.ReSharper.Plugins.AngularJS.Psi.JavaScript.DependencyInjectionTest, tests].DoNamedTestForReferences(params [p:string[]] names)","Parameters":[{"$type":"[SST:Expressions.Simple.ConstantValueExpression]"}]}}]},{"$type":"[SST:Declarations.MethodDeclaration]","Name":"0M:[p:void] [JetBrains.ReSharper.Plugins.AngularJS.Psi.JavaScript.DependencyInjectionTest, tests].TestInjectStringConstant()","IsEntryPoint":true,"Body":[{"$type":"[SST:Statements.ExpressionStatement]","Expression":{"$type":"[SST:Expressions.Assignable.InvocationExpression]","Reference":{"$type":"[SST:References.VariableReference]","Identifier":"this"},"MethodName":"0M:[p:void] [JetBrains.ReSharper.Plugins.AngularJS.Psi.JavaScript.DependencyInjectionTest, tests].DoNamedTestForReferences(params [p:string[]] names)","Parameters":[{"$type":"[SST:Expressions.Simple.ConstantValueExpression]"}]}}]},{"$type":"[SST:Declarations.MethodDeclaration]","Name":"0M:[p:void] [JetBrains.ReSharper.Plugins.AngularJS.Psi.JavaScript.DependencyInjectionTest, tests].TestInjectFunctionConstant()","IsEntryPoint":true,"Body":[{"$type":"[SST:Statements.ExpressionStatement]","Expression":{"$type":"[SST:Expressions.Assignable.InvocationExpression]","Reference":{"$type":"[SST:References.VariableReference]","Identifier":"this"},"MethodName":"0M:[p:void] [JetBrains.ReSharper.Plugins.AngularJS.Psi.JavaScript.DependencyInjectionTest, tests].DoNamedTestForReferences(params [p:string[]] names)","Parameters":[{"$type":"[SST:Expressions.Simple.ConstantValueExpression]"}]}}]},{"$type":"[SST:Declarations.MethodDeclaration]","Name":"0M:[p:void] [JetBrains.ReSharper.Plugins.AngularJS.Psi.JavaScript.DependencyInjectionTest, tests].TestInjectStringValue()","IsEntryPoint":true,"Body":[{"$type":"[SST:Statements.ExpressionStatement]","Expression":{"$type":"[SST:Expressions.Assignable.InvocationExpression]","Reference":{"$type":"[SST:References.VariableReference]","Identifier":"this"},"MethodName":"0M:[p:void] [JetBrains.ReSharper.Plugins.AngularJS.Psi.JavaScript.DependencyInjectionTest, tests].DoNamedTestForReferences(params [p:string[]] names)","Parameters":[{"$type":"[SST:Expressions.Simple.ConstantValueExpression]"}]}}]},{"$type":"[SST:Declarations.MethodDeclaration]","Name":"0M:[p:void] [JetBrains.ReSharper.Plugins.AngularJS.Psi.JavaScript.DependencyInjectionTest, tests].TestInjectFunctionValue()","IsEntryPoint":true,"Body":[{"$type":"[SST:Statements.ExpressionStatement]","Expression":{"$type":"[SST:Expressions.Assignable.InvocationExpression]","Reference":{"$type":"[SST:References.VariableReference]","Identifier":"this"},"MethodName":"0M:[p:void] [JetBrains.ReSharper.Plugins.AngularJS.Psi.JavaScript.DependencyInjectionTest, tests].DoNamedTestForReferences(params [p:string[]] names)","Parameters":[{"$type":"[SST:Expressions.Simple.ConstantValueExpression]"}]}}]},{"$type":"[SST:Declarations.MethodDeclaration]","Name":"0M:[p:void] [JetBrains.ReSharper.Plugins.AngularJS.Psi.JavaScript.DependencyInjectionTest, tests].TestInjectFactory()","IsEntryPoint":true,"Body":[{"$type":"[SST:Statements.ExpressionStatement]","Expression":{"$type":"[SST:Expressions.Assignable.InvocationExpression]","Reference":{"$type":"[SST:References.VariableReference]","Identifier":"this"},"MethodName":"0M:[p:void] [JetBrains.ReSharper.Plugins.AngularJS.Psi.JavaScript.DependencyInjectionTest, tests].DoNamedTestForReferences(params [p:string[]] names)","Parameters":[{"$type":"[SST:Expressions.Simple.ConstantValueExpression]"}]}}]},{"$type":"[SST:Declarations.MethodDeclaration]","Name":"0M:[p:void] [JetBrains.ReSharper.Plugins.AngularJS.Psi.JavaScript.DependencyInjectionTest, tests].TestInjectService()","IsEntryPoint":true,"Body":[{"$type":"[SST:Statements.ExpressionStatement]","Expression":{"$type":"[SST:Expressions.Assignable.InvocationExpression]","Reference":{"$type":"[SST:References.VariableReference]","Identifier":"this"},"MethodName":"0M:[p:void] [JetBrains.ReSharper.Plugins.AngularJS.Psi.JavaScript.DependencyInjectionTest, tests].DoNamedTestForReferences(params [p:string[]] names)","Parameters":[{"$type":"[SST:Expressions.Simple.ConstantValueExpression]"}]}}]},{"$type":"[SST:Declarations.MethodDeclaration]","Name":"0M:[p:void] [JetBrains.ReSharper.Plugins.AngularJS.Psi.JavaScript.DependencyInjectionTest, tests].TestInjectProviderValue()","IsEntryPoint":true,"Body":[{"$type":"[SST:Statements.ExpressionStatement]","Expression":{"$type":"[SST:Expressions.Assignable.InvocationExpression]","Reference":{"$type":"[SST:References.VariableReference]","Identifier":"this"},"MethodName":"0M:[p:void] [JetBrains.ReSharper.Plugins.AngularJS.Psi.JavaScript.DependencyInjectionTest, tests].DoNamedTestForReferences(params [p:string[]] names)","Parameters":[{"$type":"[SST:Expressions.Simple.ConstantValueExpression]"}]}}]},{"$type":"[SST:Declarations.MethodDeclaration]","Name":"0M:[p:void] [JetBrains.ReSharper.Plugins.AngularJS.Psi.JavaScript.DependencyInjectionTest, tests].TestInjectProvider()","IsEntryPoint":true,"Body":[{"$type":"[SST:Statements.ExpressionStatement]","Expression":{"$type":"[SST:Expressions.Assignable.InvocationExpression]","Reference":{"$type":"[SST:References.VariableReference]","Identifier":"this"},"MethodName":"0M:[p:void] [JetBrains.ReSharper.Plugins.AngularJS.Psi.JavaScript.DependencyInjectionTest, tests].DoNamedTestForReferences(params [p:string[]] names)","Parameters":[{"$type":"[SST:Expressions.Simple.ConstantValueExpression]"},{"$type":"[SST:Expressions.Simple.ConstantValueExpression]"}]}}]},{"$type":"[SST:Declarations.MethodDeclaration]","Name":"0M:[p:void] [JetBrains.ReSharper.Plugins.AngularJS.Psi.JavaScript.DependencyInjectionTest, tests].TestInjectByStringLiteral()","IsEntryPoint":true,"Body":[{"$type":"[SST:Statements.ExpressionStatement]","Expression":{"$type":"[SST:Expressions.Assignable.InvocationExpression]","Reference":{"$type":"[SST:References.VariableReference]","Identifier":"this"},"MethodName":"0M:[p:void] [JetBrains.ReSharper.Plugins.AngularJS.Psi.JavaScript.DependencyInjectionTest, tests].DoNamedTestForReferences(params [p:string[]] names)","Parameters":[{"$type":"[SST:Expressions.Simple.ConstantValueExpression]"},{"$type":"[SST:Expressions.Simple.ConstantValueExpression]"},{"$type":"[SST:Expressions.Simple.ConstantValueExpression]"}]}}]},{"$type":"[SST:Declarations.MethodDeclaration]","Name":"0M:[p:void] [JetBrains.ReSharper.Plugins.AngularJS.Psi.JavaScript.DependencyInjectionTest, tests].TestInjectIntoController()","IsEntryPoint":true,"Body":[{"$type":"[SST:Statements.ExpressionStatement]","Expression":{"$type":"[SST:Expressions.Assignable.InvocationExpression]","Reference":{"$type":"[SST:References.VariableReference]","Identifier":"this"},"MethodName":"0M:[p:void] [JetBrains.ReSharper.Plugins.AngularJS.Psi.JavaScript.DependencyInjectionTest, tests].DoNamedTestForReferences(params [p:string[]] names)","Parameters":[{"$type":"[SST:Expressions.Simple.ConstantValueExpression]"}]}}]},{"$type":"[SST:Declarations.MethodDeclaration]","Name":"0M:[p:void] [JetBrains.ReSharper.Plugins.AngularJS.Psi.JavaScript.DependencyInjectionTest, tests].TestInjectIntoDirective()","IsEntryPoint":true,"Body":[{"$type":"[SST:Statements.ExpressionStatement]","Expression":{"$type":"[SST:Expressions.Assignable.InvocationExpression]","Reference":{"$type":"[SST:References.VariableReference]","Identifier":"this"},"MethodName":"0M:[p:void] [JetBrains.ReSharper.Plugins.AngularJS.Psi.JavaScript.DependencyInjectionTest, tests].DoNamedTestForReferences(params [p:string[]] names)","Parameters":[{"$type":"[SST:Expressions.Simple.ConstantValueExpression]"}]}}]},{"$type":"[SST:Declarations.MethodDeclaration]","Name":"0M:[p:void] [JetBrains.ReSharper.Plugins.AngularJS.Psi.JavaScript.DependencyInjectionTest, tests].TestInjectIntoFilter()","IsEntryPoint":true,"Body":[{"$type":"[SST:Statements.ExpressionStatement]","Expression":{"$type":"[SST:Expressions.Assignable.InvocationExpression]","Reference":{"$type":"[SST:References.VariableReference]","Identifier":"this"},"MethodName":"0M:[p:void] [JetBrains.ReSharper.Plugins.AngularJS.Psi.JavaScript.DependencyInjectionTest, tests].DoNamedTestForReferences(params [p:string[]] names)","Parameters":[{"$type":"[SST:Expressions.Simple.ConstantValueExpression]"}]}}]},{"$type":"[SST:Declarations.MethodDeclaration]","Name":"0M:[p:void] [JetBrains.ReSharper.Plugins.AngularJS.Psi.JavaScript.DependencyInjectionTest, tests].TestInjectIntoAnimation()","IsEntryPoint":true,"Body":[{"$type":"[SST:Statements.ExpressionStatement]","Expression":{"$type":"[SST:Expressions.Assignable.InvocationExpression]","Reference":{"$type":"[SST:References.VariableReference]","Identifier":"this"},"MethodName":"0M:[p:void] [JetBrains.ReSharper.Plugins.AngularJS.Psi.JavaScript.DependencyInjectionTest, tests].DoNamedTestForReferences(params [p:string[]] names)","Parameters":[{"$type":"[SST:Expressions.Simple.ConstantValueExpression]"}]}}]},{"$type":"[SST:Declarations.MethodDeclaration]","Name":"0M:[p:void] [JetBrains.ReSharper.Plugins.AngularJS.Psi.JavaScript.DependencyInjectionTest, tests].TestInjectIntoConfig()","IsEntryPoint":true,"Body":[{"$type":"[SST:Statements.ExpressionStatement]","Expression":{"$type":"[SST:Expressions.Assignable.InvocationExpression]","Reference":{"$type":"[SST:References.VariableReference]","Identifier":"this"},"MethodName":"0M:[p:void] [JetBrains.ReSharper.Plugins.AngularJS.Psi.JavaScript.DependencyInjectionTest, tests].DoNamedTestForReferences(params [p:string[]] names)","Parameters":[{"$type":"[SST:Expressions.Simple.ConstantValueExpression]"}]}}]},{"$type":"[SST:Declarations.MethodDeclaration]","Name":"0M:[p:void] [JetBrains.ReSharper.Plugins.AngularJS.Psi.JavaScript.DependencyInjectionTest, tests].TestInjectIntoRun()","IsEntryPoint":true,"Body":[{"$type":"[SST:Statements.ExpressionStatement]","Expression":{"$type":"[SST:Expressions.Assignable.InvocationExpression]","Reference":{"$type":"[SST:References.VariableReference]","Identifier":"this"},"MethodName":"0M:[p:void] [JetBrains.ReSharper.Plugins.AngularJS.Psi.JavaScript.DependencyInjectionTest, tests].DoNamedTestForReferences(params [p:string[]] names)","Parameters":[{"$type":"[SST:Expressions.Simple.ConstantValueExpression]"}]}}]},{"$type":"[SST:Declarations.MethodDeclaration]","Name":"0M:[p:void] [JetBrains.ReSharper.Plugins.AngularJS.Psi.JavaScript.DependencyInjectionTest, tests].TestInjectIntoFactory()","IsEntryPoint":true,"Body":[{"$type":"[SST:Statements.ExpressionStatement]","Expression":{"$type":"[SST:Expressions.Assignable.InvocationExpression]","Reference":{"$type":"[SST:References.VariableReference]","Identifier":"this"},"MethodName":"0M:[p:void] [JetBrains.ReSharper.Plugins.AngularJS.Psi.JavaScript.DependencyInjectionTest, tests].DoNamedTestForReferences(params [p:string[]] names)","Parameters":[{"$type":"[SST:Expressions.Simple.ConstantValueExpression]"}]}}]},{"$type":"[SST:Declarations.MethodDeclaration]","Name":"0M:[p:void] [JetBrains.ReSharper.Plugins.AngularJS.Psi.JavaScript.DependencyInjectionTest, tests].TestInjectIntoService()","IsEntryPoint":true,"Body":[{"$type":"[SST:Statements.ExpressionStatement]","Expression":{"$type":"[SST:Expressions.Assignable.InvocationExpression]","Reference":{"$type":"[SST:References.VariableReference]","Identifier":"this"},"MethodName":"0M:[p:void] [JetBrains.ReSharper.Plugins.AngularJS.Psi.JavaScript.DependencyInjectionTest, tests].DoNamedTestForReferences(params [p:string[]] names)","Parameters":[{"$type":"[SST:Expressions.Simple.ConstantValueExpression]"}]}}]},{"$type":"[SST:Declarations.MethodDeclaration]","Name":"0M:[p:void] [JetBrains.ReSharper.Plugins.AngularJS.Psi.JavaScript.DependencyInjectionTest, tests].TestInjectIntoProvider()","IsEntryPoint":true,"Body":[{"$type":"[SST:Statements.ExpressionStatement]","Expression":{"$type":"[SST:Expressions.Assignable.InvocationExpression]","Reference":{"$type":"[SST:References.VariableReference]","Identifier":"this"},"MethodName":"0M:[p:void] [JetBrains.ReSharper.Plugins.AngularJS.Psi.JavaScript.DependencyInjectionTest, tests].DoNamedTestForReferences(params [p:string[]] names)","Parameters":[{"$type":"[SST:Expressions.Simple.ConstantValueExpression]"}]}}]},{"$type":"[SST:Declarations.MethodDeclaration]","Name":"0M:[p:void] [JetBrains.ReSharper.Plugins.AngularJS.Psi.JavaScript.DependencyInjectionTest, tests].TestInjectBuiltinServices()","IsEntryPoint":true,"Body":[{"$type":"[SST:Statements.ExpressionStatement]","Expression":{"$type":"[SST:Expressions.Assignable.InvocationExpression]","Reference":{"$type":"[SST:References.VariableReference]","Identifier":"this"},"MethodName":"0M:[p:void] [JetBrains.ReSharper.Plugins.AngularJS.Psi.JavaScript.DependencyInjectionTest, tests].SetInterestingReferences(params [p:string[]] names)","Parameters":[{"$type":"[SST:Expressions.Simple.ConstantValueExpression]"},{"$type":"[SST:Expressions.Simple.ConstantValueExpression]"},{"$type":"[SST:Expressions.Simple.ConstantValueExpression]"},{"$type":"[SST:Expressions.Simple.ConstantValueExpression]"},{"$type":"[SST:Expressions.Simple.ConstantValueExpression]"},{"$type":"[SST:Expressions.Simple.ConstantValueExpression]"},{"$type":"[SST:Expressions.Simple.ConstantValueExpression]"}]}},{"$type":"[SST:Statements.ExpressionStatement]","Expression":{"$type":"[SST:Expressions.Assignable.InvocationExpression]","Reference":{"$type":"[SST:References.VariableReference]","Identifier":"this"},"MethodName":"0M:[p:void] [JetBrains.ReSharper.Plugins.AngularJS.Psi.JavaScript.JavaScriptResolveTestBase, tests].DoNamedTest2(params [p:string[]] otherFiles)","Parameters":[{"$type":"[SST:Expressions.Simple.ConstantValueExpression]"}]}}]},{"$type":"[SST:Declarations.MethodDeclaration]","Name":"0M:[p:void] [JetBrains.ReSharper.Plugins.AngularJS.Psi.JavaScript.DependencyInjectionTest, tests].TestInjectBuiltinServicesByStringLiteral()","IsEntryPoint":true,"Body":[{"$type":"[SST:Statements.ExpressionStatement]","Expression":{"$type":"[SST:Expressions.Assignable.InvocationExpression]","Reference":{"$type":"[SST:References.VariableReference]","Identifier":"this"},"MethodName":"0M:[p:void] [JetBrains.ReSharper.Plugins.AngularJS.Psi.JavaScript.DependencyInjectionTest, tests].SetInterestingReferences(params [p:string[]] names)","Parameters":[{"$type":"[SST:Expressions.Simple.ConstantValueExpression]"},{"$type":"[SST:Expressions.Simple.ConstantValueExpression]"}]}},{"$type":"[SST:Statements.ExpressionStatement]","Expression":{"$type":"[SST:Expressions.Assignable.InvocationExpression]","Reference":{"$type":"[SST:References.VariableReference]","Identifier":"this"},"MethodName":"0M:[p:void] [JetBrains.ReSharper.Plugins.AngularJS.Psi.JavaScript.JavaScriptResolveTestBase, tests].DoNamedTest2(params [p:string[]] otherFiles)","Parameters":[{"$type":"[SST:Expressions.Simple.ConstantValueExpression]"}]}}]}],"Events":[],"Delegates":[]}}