{"$type":"KaVE.Commons.Model.Events.CompletionEvents.Context, KaVE.Commons","TypeShape":{"$type":"KaVE.Commons.Model.TypeShapes.TypeShape, KaVE.Commons","TypeHierarchy":{"$type":"KaVE.Commons.Model.TypeShapes.TypeHierarchy, KaVE.Commons","Element":"0T:JetBrains.ReSharper.Plugins.AngularJS.Feature.Services.Caches.JsInvocationProcessor, resharper-angularjs","Implements":[]},"NestedTypes":[],"Delegates":[],"EventHierarchies":[],"Fields":["0F:[JetBrains.ReSharper.Plugins.AngularJS.Feature.Services.Caches.AngularJsCacheItemsBuilder, resharper-angularjs] [JetBrains.ReSharper.Plugins.AngularJS.Feature.Services.Caches.JsInvocationProcessor, resharper-angularjs].cacheItemsBuilder"],"MethodHierarchies":[{"$type":"KaVE.Commons.Model.TypeShapes.MethodHierarchy, KaVE.Commons","Element":"0M:[p:void] [JetBrains.ReSharper.Plugins.AngularJS.Feature.Services.Caches.JsInvocationProcessor, resharper-angularjs]..ctor([JetBrains.ReSharper.Plugins.AngularJS.Feature.Services.Caches.AngularJsCacheItemsBuilder, resharper-angularjs] cacheItemsBuilder)"},{"$type":"KaVE.Commons.Model.TypeShapes.MethodHierarchy, KaVE.Commons","Element":"0M:[p:void] [JetBrains.ReSharper.Plugins.AngularJS.Feature.Services.Caches.JsInvocationProcessor, resharper-angularjs].ProcessInvocationExpression([?] invocationExpression)"},{"$type":"KaVE.Commons.Model.TypeShapes.MethodHierarchy, KaVE.Commons","Element":"0M:[p:void] [JetBrains.ReSharper.Plugins.AngularJS.Feature.Services.Caches.JsInvocationProcessor, resharper-angularjs].ProcessDirective([?] invokedExpression, [p:string] identifier, [p:int] offset)"},{"$type":"KaVE.Commons.Model.TypeShapes.MethodHierarchy, KaVE.Commons","Element":"0M:static [p:string] [JetBrains.ReSharper.Plugins.AngularJS.Feature.Services.Caches.JsInvocationProcessor, resharper-angularjs].CalculateRestrictions([?] invokedExpression)"}],"PropertyHierarchies":[]},"SST":{"$type":"[SST:SST]","EnclosingType":"0T:JetBrains.ReSharper.Plugins.AngularJS.Feature.Services.Caches.JsInvocationProcessor, resharper-angularjs","Fields":[{"$type":"[SST:Declarations.FieldDeclaration]","Name":"0F:[JetBrains.ReSharper.Plugins.AngularJS.Feature.Services.Caches.AngularJsCacheItemsBuilder, resharper-angularjs] [JetBrains.ReSharper.Plugins.AngularJS.Feature.Services.Caches.JsInvocationProcessor, resharper-angularjs].cacheItemsBuilder"}],"Properties":[],"Methods":[{"$type":"[SST:Declarations.MethodDeclaration]","Name":"0M:[p:void] [JetBrains.ReSharper.Plugins.AngularJS.Feature.Services.Caches.JsInvocationProcessor, resharper-angularjs]..ctor([JetBrains.ReSharper.Plugins.AngularJS.Feature.Services.Caches.AngularJsCacheItemsBuilder, resharper-angularjs] cacheItemsBuilder)","IsEntryPoint":true,"Body":[{"$type":"[SST:Statements.Assignment]","Reference":{"$type":"[SST:References.FieldReference]","Reference":{"$type":"[SST:References.VariableReference]","Identifier":"this"},"FieldName":"0F:[JetBrains.ReSharper.Plugins.AngularJS.Feature.Services.Caches.AngularJsCacheItemsBuilder, resharper-angularjs] [JetBrains.ReSharper.Plugins.AngularJS.Feature.Services.Caches.JsInvocationProcessor, resharper-angularjs].cacheItemsBuilder"},"Expression":{"$type":"[SST:Expressions.Simple.ReferenceExpression]","Reference":{"$type":"[SST:References.VariableReference]","Identifier":"cacheItemsBuilder"}}}]},{"$type":"[SST:Declarations.MethodDeclaration]","Name":"0M:[p:void] [JetBrains.ReSharper.Plugins.AngularJS.Feature.Services.Caches.JsInvocationProcessor, resharper-angularjs].ProcessInvocationExpression([?] invocationExpression)","IsEntryPoint":true,"Body":[{"$type":"[SST:Statements.VariableDeclaration]","Reference":{"$type":"[SST:References.VariableReference]","Identifier":"$0"},"Type":"0T:p:bool"},{"$type":"[SST:Statements.Assignment]","Reference":{"$type":"[SST:References.VariableReference]","Identifier":"$0"},"Expression":{"$type":"[SST:Expressions.Assignable.BinaryExpression]","LeftOperand":{"$type":"[SST:Expressions.Simple.ReferenceExpression]","Reference":{"$type":"[SST:References.UnknownReference]"}},"Operator":6,"RightOperand":{"$type":"[SST:Expressions.Simple.ConstantValueExpression]","Value":"2"}}},{"$type":"[SST:Blocks.IfElseBlock]","Condition":{"$type":"[SST:Expressions.Simple.ReferenceExpression]","Reference":{"$type":"[SST:References.VariableReference]","Identifier":"$0"}},"Then":[{"$type":"[SST:Statements.ReturnStatement]","Expression":{"$type":"[SST:Expressions.Simple.UnknownExpression]"},"IsVoid":true}],"Else":[]},{"$type":"[SST:Statements.VariableDeclaration]","Reference":{"$type":"[SST:References.VariableReference]","Identifier":"stringLiteralExpression"},"Type":"0T:?"},{"$type":"[SST:Statements.Assignment]","Reference":{"$type":"[SST:References.VariableReference]","Identifier":"stringLiteralExpression"},"Expression":{"$type":"[SST:Expressions.Assignable.IndexAccessExpression]","Reference":{"$type":"[SST:References.VariableReference]","Identifier":""},"Indices":[{"$type":"[SST:Expressions.Simple.ConstantValueExpression]","Value":"0"}]}},{"$type":"[SST:Statements.VariableDeclaration]","Reference":{"$type":"[SST:References.VariableReference]","Identifier":"identifier"},"Type":"0T:?"},{"$type":"[SST:Statements.Assignment]","Reference":{"$type":"[SST:References.VariableReference]","Identifier":"identifier"},"Expression":{"$type":"[SST:Expressions.Assignable.InvocationExpression]","Reference":{"$type":"[SST:References.VariableReference]","Identifier":""},"MethodName":"0M:[?] [?].???()","Parameters":[]}},{"$type":"[SST:Statements.VariableDeclaration]","Reference":{"$type":"[SST:References.VariableReference]","Identifier":"$1"},"Type":"0T:?"},{"$type":"[SST:Statements.Assignment]","Reference":{"$type":"[SST:References.VariableReference]","Identifier":"$1"},"Expression":{"$type":"[SST:Expressions.Assignable.BinaryExpression]","LeftOperand":{"$type":"[SST:Expressions.Simple.ReferenceExpression]","Reference":{"$type":"[SST:References.VariableReference]","Identifier":"identifier"}},"Operator":3,"RightOperand":{"$type":"[SST:Expressions.Simple.ConstantValueExpression]","Value":"null"}}},{"$type":"[SST:Blocks.IfElseBlock]","Condition":{"$type":"[SST:Expressions.Simple.ReferenceExpression]","Reference":{"$type":"[SST:References.VariableReference]","Identifier":"$1"}},"Then":[{"$type":"[SST:Statements.ReturnStatement]","Expression":{"$type":"[SST:Expressions.Simple.UnknownExpression]"},"IsVoid":true}],"Else":[]},{"$type":"[SST:Statements.VariableDeclaration]","Reference":{"$type":"[SST:References.VariableReference]","Identifier":"referenceExpression"},"Type":"0T:?"},{"$type":"[SST:Statements.Assignment]","Reference":{"$type":"[SST:References.VariableReference]","Identifier":"referenceExpression"},"Expression":{"$type":"[SST:Expressions.Assignable.CastExpression]","TargetType":"0T:?","Operator":0,"Reference":{"$type":"[SST:References.VariableReference]","Identifier":""}}},{"$type":"[SST:Statements.VariableDeclaration]","Reference":{"$type":"[SST:References.VariableReference]","Identifier":"$2"},"Type":"0T:?"},{"$type":"[SST:Statements.Assignment]","Reference":{"$type":"[SST:References.VariableReference]","Identifier":"$2"},"Expression":{"$type":"[SST:Expressions.Assignable.BinaryExpression]","LeftOperand":{"$type":"[SST:Expressions.Simple.ReferenceExpression]","Reference":{"$type":"[SST:References.VariableReference]","Identifier":"referenceExpression"}},"Operator":3,"RightOperand":{"$type":"[SST:Expressions.Simple.ConstantValueExpression]","Value":"null"}}},{"$type":"[SST:Blocks.IfElseBlock]","Condition":{"$type":"[SST:Expressions.Simple.ReferenceExpression]","Reference":{"$type":"[SST:References.VariableReference]","Identifier":"$2"}},"Then":[{"$type":"[SST:Statements.ReturnStatement]","Expression":{"$type":"[SST:Expressions.Simple.UnknownExpression]"},"IsVoid":true}],"Else":[]},{"$type":"[SST:Blocks.SwitchBlock]","Reference":{"$type":"[SST:References.VariableReference]","Identifier":""},"Sections":[{"$type":"[SST:Blocks.CaseBlock]","Label":{"$type":"[SST:Expressions.Simple.ConstantValueExpression]"},"Body":[{"$type":"[SST:Statements.ExpressionStatement]","Expression":{"$type":"[SST:Expressions.Assignable.InvocationExpression]","Reference":{"$type":"[SST:References.VariableReference]","Identifier":"this"},"MethodName":"0M:[p:void] [JetBrains.ReSharper.Plugins.AngularJS.Feature.Services.Caches.JsInvocationProcessor, resharper-angularjs].ProcessDirective([?] invokedExpression, [p:string] identifier, [p:int] offset)","Parameters":[{"$type":"[SST:Expressions.Simple.ReferenceExpression]","Reference":{"$type":"[SST:References.VariableReference]","Identifier":"invocationExpression"}},{"$type":"[SST:Expressions.Simple.ReferenceExpression]","Reference":{"$type":"[SST:References.VariableReference]","Identifier":"identifier"}},{"$type":"[SST:Expressions.Simple.ReferenceExpression]","Reference":{"$type":"[SST:References.UnknownReference]"}}]}},{"$type":"[SST:Statements.BreakStatement]"}]}],"DefaultSection":[]}]},{"$type":"[SST:Declarations.MethodDeclaration]","Name":"0M:[p:void] [JetBrains.ReSharper.Plugins.AngularJS.Feature.Services.Caches.JsInvocationProcessor, resharper-angularjs].ProcessDirective([?] invokedExpression, [p:string] identifier, [p:int] offset)","IsEntryPoint":false,"Body":[{"$type":"[SST:Statements.VariableDeclaration]","Reference":{"$type":"[SST:References.VariableReference]","Identifier":"$0"},"Type":"0T:p:bool"},{"$type":"[SST:Statements.Assignment]","Reference":{"$type":"[SST:References.VariableReference]","Identifier":"$0"},"Expression":{"$type":"[SST:Expressions.Assignable.BinaryExpression]","LeftOperand":{"$type":"[SST:Expressions.Simple.ReferenceExpression]","Reference":{"$type":"[SST:References.UnknownReference]"}},"Operator":6,"RightOperand":{"$type":"[SST:Expressions.Simple.ConstantValueExpression]","Value":"2"}}},{"$type":"[SST:Blocks.IfElseBlock]","Condition":{"$type":"[SST:Expressions.Simple.ReferenceExpression]","Reference":{"$type":"[SST:References.VariableReference]","Identifier":"$0"}},"Then":[{"$type":"[SST:Statements.ReturnStatement]","Expression":{"$type":"[SST:Expressions.Simple.UnknownExpression]"},"IsVoid":true}],"Else":[]},{"$type":"[SST:Statements.VariableDeclaration]","Reference":{"$type":"[SST:References.VariableReference]","Identifier":"restrictions"},"Type":"0T:p:string"},{"$type":"[SST:Statements.Assignment]","Reference":{"$type":"[SST:References.VariableReference]","Identifier":"restrictions"},"Expression":{"$type":"[SST:Expressions.Assignable.InvocationExpression]","Reference":{"$type":"[SST:References.VariableReference]","Identifier":""},"MethodName":"0M:static [p:string] [JetBrains.ReSharper.Plugins.AngularJS.Feature.Services.Caches.JsInvocationProcessor, resharper-angularjs].CalculateRestrictions([?] invokedExpression)","Parameters":[{"$type":"[SST:Expressions.Simple.ReferenceExpression]","Reference":{"$type":"[SST:References.VariableReference]","Identifier":"invokedExpression"}}]}},{"$type":"[SST:Statements.VariableDeclaration]","Reference":{"$type":"[SST:References.VariableReference]","Identifier":"tags"},"Type":"0T:p:string[]"},{"$type":"[SST:Statements.Assignment]","Reference":{"$type":"[SST:References.VariableReference]","Identifier":"tags"},"Expression":{"$type":"[SST:Expressions.Simple.UnknownExpression]"}},{"$type":"[SST:Statements.VariableDeclaration]","Reference":{"$type":"[SST:References.VariableReference]","Identifier":"directive"},"Type":"0T:JetBrains.ReSharper.Plugins.AngularJS.Feature.Services.Caches.Directive, resharper-angularjs"},{"$type":"[SST:Statements.VariableDeclaration]","Reference":{"$type":"[SST:References.VariableReference]","Identifier":"$1"},"Type":"0T:p:string"},{"$type":"[SST:Statements.Assignment]","Reference":{"$type":"[SST:References.VariableReference]","Identifier":"$1"},"Expression":{"$type":"[SST:Expressions.Assignable.InvocationExpression]","Reference":{"$type":"[SST:References.VariableReference]","Identifier":""},"MethodName":"0M:static [p:string] [JetBrains.ReSharper.Plugins.AngularJS.Feature.Services.Caches.DirectiveUtil, resharper-angularjs].GetNormalisedName([p:string] name)","Parameters":[{"$type":"[SST:Expressions.Simple.ReferenceExpression]","Reference":{"$type":"[SST:References.VariableReference]","Identifier":"identifier"}}]}},{"$type":"[SST:Statements.VariableDeclaration]","Reference":{"$type":"[SST:References.VariableReference]","Identifier":"$2"},"Type":"0T:System.Collections.Generic.List`1[[T -> JetBrains.ReSharper.Plugins.AngularJS.Feature.Services.Caches.Parameter, resharper-angularjs]], mscorlib, 4.0.0.0"},{"$type":"[SST:Statements.Assignment]","Reference":{"$type":"[SST:References.VariableReference]","Identifier":"$2"},"Expression":{"$type":"[SST:Expressions.Assignable.InvocationExpression]","Reference":{"$type":"[SST:References.VariableReference]","Identifier":""},"MethodName":"0M:[p:void] [System.Collections.Generic.List`1[[T -> JetBrains.ReSharper.Plugins.AngularJS.Feature.Services.Caches.Parameter, resharper-angularjs]], mscorlib, 4.0.0.0]..ctor()","Parameters":[]}},{"$type":"[SST:Statements.Assignment]","Reference":{"$type":"[SST:References.VariableReference]","Identifier":"directive"},"Expression":{"$type":"[SST:Expressions.Assignable.InvocationExpression]","Reference":{"$type":"[SST:References.VariableReference]","Identifier":""},"MethodName":"0M:[p:void] [JetBrains.ReSharper.Plugins.AngularJS.Feature.Services.Caches.Directive, resharper-angularjs]..ctor([p:string] originalName, [p:string] name, [p:string] restrictions, [p:string[]] tags, [p:int] offset, [i:System.Collections.Generic.IList`1[[T -> JetBrains.ReSharper.Plugins.AngularJS.Feature.Services.Caches.Parameter, resharper-angularjs]], mscorlib, 4.0.0.0] parameters)","Parameters":[{"$type":"[SST:Expressions.Simple.ReferenceExpression]","Reference":{"$type":"[SST:References.VariableReference]","Identifier":"identifier"}},{"$type":"[SST:Expressions.Simple.ReferenceExpression]","Reference":{"$type":"[SST:References.VariableReference]","Identifier":"$1"}},{"$type":"[SST:Expressions.Simple.ReferenceExpression]","Reference":{"$type":"[SST:References.VariableReference]","Identifier":"restrictions"}},{"$type":"[SST:Expressions.Simple.ReferenceExpression]","Reference":{"$type":"[SST:References.VariableReference]","Identifier":"tags"}},{"$type":"[SST:Expressions.Simple.ReferenceExpression]","Reference":{"$type":"[SST:References.VariableReference]","Identifier":"offset"}},{"$type":"[SST:Expressions.Simple.ReferenceExpression]","Reference":{"$type":"[SST:References.VariableReference]","Identifier":"$2"}}]}},{"$type":"[SST:Statements.VariableDeclaration]","Reference":{"$type":"[SST:References.VariableReference]","Identifier":"$3"},"Type":"0T:JetBrains.ReSharper.Plugins.AngularJS.Feature.Services.Caches.AngularJsCacheItemsBuilder, resharper-angularjs"},{"$type":"[SST:Statements.Assignment]","Reference":{"$type":"[SST:References.VariableReference]","Identifier":"$3"},"Expression":{"$type":"[SST:Expressions.Simple.ReferenceExpression]","Reference":{"$type":"[SST:References.FieldReference]","Reference":{"$type":"[SST:References.VariableReference]","Identifier":"this"},"FieldName":"0F:[JetBrains.ReSharper.Plugins.AngularJS.Feature.Services.Caches.AngularJsCacheItemsBuilder, resharper-angularjs] [JetBrains.ReSharper.Plugins.AngularJS.Feature.Services.Caches.JsInvocationProcessor, resharper-angularjs].cacheItemsBuilder"}}},{"$type":"[SST:Statements.ExpressionStatement]","Expression":{"$type":"[SST:Expressions.Assignable.InvocationExpression]","Reference":{"$type":"[SST:References.VariableReference]","Identifier":"$3"},"MethodName":"0M:[p:void] [JetBrains.ReSharper.Plugins.AngularJS.Feature.Services.Caches.AngularJsCacheItemsBuilder, resharper-angularjs].Add([JetBrains.ReSharper.Plugins.AngularJS.Feature.Services.Caches.Directive, resharper-angularjs] directive)","Parameters":[{"$type":"[SST:Expressions.Simple.ReferenceExpression]","Reference":{"$type":"[SST:References.VariableReference]","Identifier":"directive"}}]}}]},{"$type":"[SST:Declarations.MethodDeclaration]","Name":"0M:static [p:string] [JetBrains.ReSharper.Plugins.AngularJS.Feature.Services.Caches.JsInvocationProcessor, resharper-angularjs].CalculateRestrictions([?] invokedExpression)","IsEntryPoint":false,"Body":[{"$type":"[SST:Statements.VariableDeclaration]","Reference":{"$type":"[SST:References.VariableReference]","Identifier":"defaultRestrictions"},"Type":"0T:p:string"},{"$type":"[SST:Statements.Assignment]","Reference":{"$type":"[SST:References.VariableReference]","Identifier":"defaultRestrictions"},"Expression":{"$type":"[SST:Expressions.Simple.ConstantValueExpression]"}},{"$type":"[SST:Statements.VariableDeclaration]","Reference":{"$type":"[SST:References.VariableReference]","Identifier":"argument"},"Type":"0T:?"},{"$type":"[SST:Statements.Assignment]","Reference":{"$type":"[SST:References.VariableReference]","Identifier":"argument"},"Expression":{"$type":"[SST:Expressions.Assignable.IndexAccessExpression]","Reference":{"$type":"[SST:References.VariableReference]","Identifier":""},"Indices":[{"$type":"[SST:Expressions.Simple.ConstantValueExpression]","Value":"1"}]}},{"$type":"[SST:Statements.VariableDeclaration]","Reference":{"$type":"[SST:References.VariableReference]","Identifier":"function"},"Type":"0T:?"},{"$type":"[SST:Statements.Assignment]","Reference":{"$type":"[SST:References.VariableReference]","Identifier":"function"},"Expression":{"$type":"[SST:Expressions.Assignable.CastExpression]","TargetType":"0T:?","Operator":0,"Reference":{"$type":"[SST:References.VariableReference]","Identifier":"argument"}}},{"$type":"[SST:Statements.VariableDeclaration]","Reference":{"$type":"[SST:References.VariableReference]","Identifier":"$0"},"Type":"0T:?"},{"$type":"[SST:Statements.Assignment]","Reference":{"$type":"[SST:References.VariableReference]","Identifier":"$0"},"Expression":{"$type":"[SST:Expressions.Assignable.BinaryExpression]","LeftOperand":{"$type":"[SST:Expressions.Simple.ReferenceExpression]","Reference":{"$type":"[SST:References.VariableReference]","Identifier":"function"}},"Operator":3,"RightOperand":{"$type":"[SST:Expressions.Simple.ConstantValueExpression]","Value":"null"}}},{"$type":"[SST:Blocks.IfElseBlock]","Condition":{"$type":"[SST:Expressions.Simple.ReferenceExpression]","Reference":{"$type":"[SST:References.VariableReference]","Identifier":"$0"}},"Then":[{"$type":"[SST:Statements.VariableDeclaration]","Reference":{"$type":"[SST:References.VariableReference]","Identifier":"arrayLiteral"},"Type":"0T:?"},{"$type":"[SST:Statements.Assignment]","Reference":{"$type":"[SST:References.VariableReference]","Identifier":"arrayLiteral"},"Expression":{"$type":"[SST:Expressions.Assignable.CastExpression]","TargetType":"0T:?","Operator":0,"Reference":{"$type":"[SST:References.VariableReference]","Identifier":"argument"}}},{"$type":"[SST:Statements.VariableDeclaration]","Reference":{"$type":"[SST:References.VariableReference]","Identifier":"$1"},"Type":"0T:?"},{"$type":"[SST:Statements.Assignment]","Reference":{"$type":"[SST:References.VariableReference]","Identifier":"$1"},"Expression":{"$type":"[SST:Expressions.Assignable.BinaryExpression]","LeftOperand":{"$type":"[SST:Expressions.Simple.ReferenceExpression]","Reference":{"$type":"[SST:References.VariableReference]","Identifier":"arrayLiteral"}},"Operator":6,"RightOperand":{"$type":"[SST:Expressions.Simple.ConstantValueExpression]","Value":"null"}}},{"$type":"[SST:Statements.VariableDeclaration]","Reference":{"$type":"[SST:References.VariableReference]","Identifier":"$2"},"Type":"0T:p:bool"},{"$type":"[SST:Statements.Assignment]","Reference":{"$type":"[SST:References.VariableReference]","Identifier":"$2"},"Expression":{"$type":"[SST:Expressions.Assignable.BinaryExpression]","LeftOperand":{"$type":"[SST:Expressions.Simple.ReferenceExpression]","Reference":{"$type":"[SST:References.UnknownReference]"}},"Operator":5,"RightOperand":{"$type":"[SST:Expressions.Simple.ConstantValueExpression]","Value":"0"}}},{"$type":"[SST:Statements.VariableDeclaration]","Reference":{"$type":"[SST:References.VariableReference]","Identifier":"$3"},"Type":"0T:p:bool"},{"$type":"[SST:Statements.Assignment]","Reference":{"$type":"[SST:References.VariableReference]","Identifier":"$3"},"Expression":{"$type":"[SST:Expressions.Assignable.BinaryExpression]","LeftOperand":{"$type":"[SST:Expressions.Simple.ReferenceExpression]","Reference":{"$type":"[SST:References.VariableReference]","Identifier":"$1"}},"Operator":7,"RightOperand":{"$type":"[SST:Expressions.Simple.ReferenceExpression]","Reference":{"$type":"[SST:References.VariableReference]","Identifier":"$2"}}}},{"$type":"[SST:Blocks.IfElseBlock]","Condition":{"$type":"[SST:Expressions.Simple.ReferenceExpression]","Reference":{"$type":"[SST:References.VariableReference]","Identifier":"$3"}},"Then":[{"$type":"[SST:Statements.VariableDeclaration]","Reference":{"$type":"[SST:References.VariableReference]","Identifier":"lastElement"},"Type":"0T:?"},{"$type":"[SST:Statements.Assignment]","Reference":{"$type":"[SST:References.VariableReference]","Identifier":"lastElement"},"Expression":{"$type":"[SST:Expressions.Assignable.InvocationExpression]","Reference":{"$type":"[SST:References.VariableReference]","Identifier":""},"MethodName":"0M:[?] [?].???()","Parameters":[]}},{"$type":"[SST:Statements.Assignment]","Reference":{"$type":"[SST:References.VariableReference]","Identifier":"function"},"Expression":{"$type":"[SST:Expressions.Assignable.CastExpression]","TargetType":"0T:?","Operator":0,"Reference":{"$type":"[SST:References.VariableReference]","Identifier":"lastElement"}}}],"Else":[]}],"Else":[]},{"$type":"[SST:Statements.VariableDeclaration]","Reference":{"$type":"[SST:References.VariableReference]","Identifier":"$4"},"Type":"0T:?"},{"$type":"[SST:Statements.Assignment]","Reference":{"$type":"[SST:References.VariableReference]","Identifier":"$4"},"Expression":{"$type":"[SST:Expressions.Assignable.BinaryExpression]","LeftOperand":{"$type":"[SST:Expressions.Simple.ReferenceExpression]","Reference":{"$type":"[SST:References.VariableReference]","Identifier":"function"}},"Operator":3,"RightOperand":{"$type":"[SST:Expressions.Simple.ConstantValueExpression]","Value":"null"}}},{"$type":"[SST:Statements.VariableDeclaration]","Reference":{"$type":"[SST:References.VariableReference]","Identifier":"$5"},"Type":"0T:p:bool"},{"$type":"[SST:Statements.Assignment]","Reference":{"$type":"[SST:References.VariableReference]","Identifier":"$5"},"Expression":{"$type":"[SST:Expressions.Assignable.BinaryExpression]","LeftOperand":{"$type":"[SST:Expressions.Simple.ReferenceExpression]","Reference":{"$type":"[SST:References.UnknownReference]"}},"Operator":3,"RightOperand":{"$type":"[SST:Expressions.Simple.ConstantValueExpression]","Value":"0"}}},{"$type":"[SST:Statements.VariableDeclaration]","Reference":{"$type":"[SST:References.VariableReference]","Identifier":"$6"},"Type":"0T:p:bool"},{"$type":"[SST:Statements.Assignment]","Reference":{"$type":"[SST:References.VariableReference]","Identifier":"$6"},"Expression":{"$type":"[SST:Expressions.Assignable.BinaryExpression]","LeftOperand":{"$type":"[SST:Expressions.Simple.ReferenceExpression]","Reference":{"$type":"[SST:References.VariableReference]","Identifier":"$4"}},"Operator":8,"RightOperand":{"$type":"[SST:Expressions.Simple.ReferenceExpression]","Reference":{"$type":"[SST:References.VariableReference]","Identifier":"$5"}}}},{"$type":"[SST:Blocks.IfElseBlock]","Condition":{"$type":"[SST:Expressions.Simple.ReferenceExpression]","Reference":{"$type":"[SST:References.VariableReference]","Identifier":"$6"}},"Then":[{"$type":"[SST:Statements.ReturnStatement]","Expression":{"$type":"[SST:Expressions.Simple.ReferenceExpression]","Reference":{"$type":"[SST:References.VariableReference]","Identifier":"defaultRestrictions"}},"IsVoid":false}],"Else":[]},{"$type":"[SST:Statements.VariableDeclaration]","Reference":{"$type":"[SST:References.VariableReference]","Identifier":"objectLiteral"},"Type":"0T:?"},{"$type":"[SST:Statements.Assignment]","Reference":{"$type":"[SST:References.VariableReference]","Identifier":"objectLiteral"},"Expression":{"$type":"[SST:Expressions.Simple.ConstantValueExpression]","Value":"null"}},{"$type":"[SST:Statements.VariableDeclaration]","Reference":{"$type":"[SST:References.VariableReference]","Identifier":"lastStatement"},"Type":"0T:?"},{"$type":"[SST:Statements.Assignment]","Reference":{"$type":"[SST:References.VariableReference]","Identifier":"lastStatement"},"Expression":{"$type":"[SST:Expressions.Assignable.InvocationExpression]","Reference":{"$type":"[SST:References.VariableReference]","Identifier":""},"MethodName":"0M:[?] [?].???()","Parameters":[]}},{"$type":"[SST:Statements.VariableDeclaration]","Reference":{"$type":"[SST:References.VariableReference]","Identifier":"returnStatement"},"Type":"0T:?"},{"$type":"[SST:Statements.Assignment]","Reference":{"$type":"[SST:References.VariableReference]","Identifier":"returnStatement"},"Expression":{"$type":"[SST:Expressions.Assignable.CastExpression]","TargetType":"0T:?","Operator":0,"Reference":{"$type":"[SST:References.VariableReference]","Identifier":"lastStatement"}}},{"$type":"[SST:Statements.VariableDeclaration]","Reference":{"$type":"[SST:References.VariableReference]","Identifier":"$7"},"Type":"0T:?"},{"$type":"[SST:Statements.Assignment]","Reference":{"$type":"[SST:References.VariableReference]","Identifier":"$7"},"Expression":{"$type":"[SST:Expressions.Assignable.BinaryExpression]","LeftOperand":{"$type":"[SST:Expressions.Simple.ReferenceExpression]","Reference":{"$type":"[SST:References.VariableReference]","Identifier":"returnStatement"}},"Operator":6,"RightOperand":{"$type":"[SST:Expressions.Simple.ConstantValueExpression]","Value":"null"}}},{"$type":"[SST:Blocks.IfElseBlock]","Condition":{"$type":"[SST:Expressions.Simple.ReferenceExpression]","Reference":{"$type":"[SST:References.VariableReference]","Identifier":"$7"}},"Then":[{"$type":"[SST:Statements.Assignment]","Reference":{"$type":"[SST:References.VariableReference]","Identifier":"objectLiteral"},"Expression":{"$type":"[SST:Expressions.Assignable.CastExpression]","TargetType":"0T:?","Operator":0,"Reference":{"$type":"[SST:References.VariableReference]","Identifier":""}}}],"Else":[]},{"$type":"[SST:Statements.VariableDeclaration]","Reference":{"$type":"[SST:References.VariableReference]","Identifier":"$8"},"Type":"0T:?"},{"$type":"[SST:Statements.Assignment]","Reference":{"$type":"[SST:References.VariableReference]","Identifier":"$8"},"Expression":{"$type":"[SST:Expressions.Assignable.BinaryExpression]","LeftOperand":{"$type":"[SST:Expressions.Simple.ReferenceExpression]","Reference":{"$type":"[SST:References.VariableReference]","Identifier":"objectLiteral"}},"Operator":3,"RightOperand":{"$type":"[SST:Expressions.Simple.ConstantValueExpression]","Value":"null"}}},{"$type":"[SST:Blocks.IfElseBlock]","Condition":{"$type":"[SST:Expressions.Simple.ReferenceExpression]","Reference":{"$type":"[SST:References.VariableReference]","Identifier":"$8"}},"Then":[{"$type":"[SST:Statements.ReturnStatement]","Expression":{"$type":"[SST:Expressions.Simple.ReferenceExpression]","Reference":{"$type":"[SST:References.VariableReference]","Identifier":"defaultRestrictions"}},"IsVoid":false}],"Else":[]},{"$type":"[SST:Statements.VariableDeclaration]","Reference":{"$type":"[SST:References.VariableReference]","Identifier":"$9"},"Type":"0T:?"},{"$type":"[SST:Statements.Assignment]","Reference":{"$type":"[SST:References.VariableReference]","Identifier":"$9"},"Expression":{"$type":"[SST:Expressions.Assignable.InvocationExpression]","Reference":{"$type":"[SST:References.VariableReference]","Identifier":""},"MethodName":"0M:[?] [?].???()","Parameters":[]}},{"$type":"[SST:Blocks.ForEachLoop]","Declaration":{"$type":"[SST:Statements.VariableDeclaration]","Reference":{"$type":"[SST:References.VariableReference]","Identifier":"initializer"},"Type":"0T:?"},"LoopedReference":{"$type":"[SST:References.VariableReference]","Identifier":"$9"},"Body":[{"$type":"[SST:Statements.VariableDeclaration]","Reference":{"$type":"[SST:References.VariableReference]","Identifier":"$10"},"Type":"0T:p:bool"},{"$type":"[SST:Statements.Assignment]","Reference":{"$type":"[SST:References.VariableReference]","Identifier":"$10"},"Expression":{"$type":"[SST:Expressions.Assignable.BinaryExpression]","LeftOperand":{"$type":"[SST:Expressions.Simple.ReferenceExpression]","Reference":{"$type":"[SST:References.UnknownReference]"}},"Operator":3,"RightOperand":{"$type":"[SST:Expressions.Simple.ConstantValueExpression]"}}},{"$type":"[SST:Blocks.IfElseBlock]","Condition":{"$type":"[SST:Expressions.Simple.ReferenceExpression]","Reference":{"$type":"[SST:References.VariableReference]","Identifier":"$10"}},"Then":[{"$type":"[SST:Statements.VariableDeclaration]","Reference":{"$type":"[SST:References.VariableReference]","Identifier":"$11"},"Type":"0T:?"},{"$type":"[SST:Statements.Assignment]","Reference":{"$type":"[SST:References.VariableReference]","Identifier":"$11"},"Expression":{"$type":"[SST:Expressions.Assignable.InvocationExpression]","Reference":{"$type":"[SST:References.VariableReference]","Identifier":""},"MethodName":"0M:[?] [?].???()","Parameters":[]}},{"$type":"[SST:Statements.VariableDeclaration]","Reference":{"$type":"[SST:References.VariableReference]","Identifier":"$12"},"Type":"0T:p:bool"},{"$type":"[SST:Statements.Assignment]","Reference":{"$type":"[SST:References.VariableReference]","Identifier":"$12"},"Expression":{"$type":"[SST:Expressions.Assignable.ComposedExpression]","References":[{"$type":"[SST:References.VariableReference]","Identifier":"$11"}]}},{"$type":"[SST:Statements.VariableDeclaration]","Reference":{"$type":"[SST:References.VariableReference]","Identifier":"$13"},"Type":"0T:p:string"},{"$type":"[SST:Statements.Assignment]","Reference":{"$type":"[SST:References.VariableReference]","Identifier":"$13"},"Expression":{"$type":"[SST:Expressions.Assignable.IfElseExpression]","Condition":{"$type":"[SST:Expressions.Simple.ReferenceExpression]","Reference":{"$type":"[SST:References.VariableReference]","Identifier":"$12"}},"ThenExpression":{"$type":"[SST:Expressions.Simple.ReferenceExpression]","Reference":{"$type":"[SST:References.VariableReference]","Identifier":"$11"}},"ElseExpression":{"$type":"[SST:Expressions.Simple.ReferenceExpression]","Reference":{"$type":"[SST:References.VariableReference]","Identifier":"defaultRestrictions"}}}},{"$type":"[SST:Statements.ReturnStatement]","Expression":{"$type":"[SST:Expressions.Simple.ReferenceExpression]","Reference":{"$type":"[SST:References.VariableReference]","Identifier":"$13"}},"IsVoid":false}],"Else":[]}]},{"$type":"[SST:Statements.ReturnStatement]","Expression":{"$type":"[SST:Expressions.Simple.ReferenceExpression]","Reference":{"$type":"[SST:References.VariableReference]","Identifier":"defaultRestrictions"}},"IsVoid":false}]}],"Events":[],"Delegates":[]}}